scenario_id,time_s,scenario_type,road_condition,true_risk,predicted_risk,true_stopping_distance,predicted_stopping_distance
S0185,0.0,gradual_lead_deceleration,wet_low_adhesion,Safe,Emergency,184.513,176.074
S0185,0.2,gradual_lead_deceleration,wet_low_adhesion,Safe,Emergency,184.461,195.469
S0185,0.4,gradual_lead_deceleration,wet_low_adhesion,Safe,Emergency,184.019,176.996
S0185,0.6,gradual_lead_deceleration,wet_low_adhesion,Safe,Emergency,183.939,194.696
S0185,0.8,gradual_lead_deceleration,wet_low_adhesion,Safe,Emergency,183.708,177.743
S0185,1.0,gradual_lead_deceleration,wet_low_adhesion,Safe,Emergency,183.258,254.753
S0185,1.2,gradual_lead_deceleration,wet_low_adhesion,Safe,Emergency,183.518,150.115
S0185,1.4,gradual_lead_deceleration,wet_low_adhesion,Safe,Emergency,183.472,235.915
S0185,1.6,gradual_lead_deceleration,wet_low_adhesion,Warning,Emergency,183.807,147.723
S0185,1.8,gradual_lead_deceleration,wet_low_adhesion,Safe,Emergency,177.797,209.838
S0185,2.0,gradual_lead_deceleration,wet_low_adhesion,Safe,Emergency,177.56,262.708
S0185,2.2,gradual_lead_deceleration,wet_low_adhesion,Safe,Emergency,177.246,151.327
S0185,2.4,gradual_lead_deceleration,wet_low_adhesion,Safe,Emergency,177.719,195.402
S0185,2.6,gradual_lead_deceleration,wet_low_adhesion,Safe,Emergency,178.085,166.126
S0185,2.8,gradual_lead_deceleration,wet_low_adhesion,Warning,Emergency,178.327,243.942
S0185,3.0,gradual_lead_deceleration,wet_low_adhesion,Safe,Emergency,172.403,227.561
S0185,3.2,gradual_lead_deceleration,wet_low_adhesion,Safe,Emergency,172.644,191.267
S0185,3.4,gradual_lead_deceleration,wet_low_adhesion,Safe,Emergency,173.091,164.439
S0185,3.6,gradual_lead_deceleration,wet_low_adhesion,Safe,Emergency,172.691,237.790
S0185,3.8,gradual_lead_deceleration,wet_low_adhesion,Safe,Emergency,172.786,211.107
S0185,4.0,gradual_lead_deceleration,wet_low_adhesion,Safe,Emergency,172.492,159.278
S0185,4.2,gradual_lead_deceleration,wet_low_adhesion,Warning,Emergency,172.349,189.018
S0185,4.4,gradual_lead_deceleration,wet_low_adhesion,Safe,Emergency,166.521,242.735
S0185,4.6,gradual_lead_deceleration,wet_low_adhesion,Warning,Emergency,166.92,226.592
S0185,4.8,gradual_lead_deceleration,wet_low_adhesion,Safe,Emergency,161.18,184.278
S0185,5.0,gradual_lead_deceleration,wet_low_adhesion,Safe,Emergency,160.814,223.561
S0185,5.2,gradual_lead_deceleration,wet_low_adhesion,Warning,Emergency,160.894,154.696
S0185,5.4,gradual_lead_deceleration,wet_low_adhesion,Safe,Emergency,155.253,133.692
S0185,5.6,gradual_lead_deceleration,wet_low_adhesion,Warning,Emergency,155.132,144.671
S0185,5.8,gradual_lead_deceleration,wet_low_adhesion,Safe,Emergency,149.587,217.924
S0185,6.0,gradual_lead_deceleration,wet_low_adhesion,Warning,Emergency,149.275,136.256
S0185,6.2,gradual_lead_deceleration,wet_low_adhesion,Safe,Emergency,143.829,177.460
S0185,6.4,gradual_lead_deceleration,wet_low_adhesion,Safe,Emergency,143.981,146.184
S0185,6.6,gradual_lead_deceleration,wet_low_adhesion,Warning,Emergency,144.017,125.280
S0185,6.8,gradual_lead_deceleration,wet_low_adhesion,Safe,Emergency,138.661,207.784
S0185,7.0,gradual_lead_deceleration,wet_low_adhesion,Warning,Emergency,138.857,159.297
S0185,7.2,gradual_lead_deceleration,wet_low_adhesion,Safe,Emergency,133.591,135.939
S0185,7.4,gradual_lead_deceleration,wet_low_adhesion,Safe,Emergency,133.539,139.275
S0185,7.6,gradual_lead_deceleration,wet_low_adhesion,Warning,Emergency,133.69,158.704
S0185,7.8,gradual_lead_deceleration,wet_low_adhesion,Safe,Emergency,128.516,110.715
S0185,8.0,gradual_lead_deceleration,wet_low_adhesion,Warning,Emergency,128.668,124.583
S0185,8.2,gradual_lead_deceleration,wet_low_adhesion,Safe,Emergency,123.586,104.855
S0185,8.4,gradual_lead_deceleration,wet_low_adhesion,Safe,Emergency,123.464,126.666
S0185,8.6,gradual_lead_deceleration,wet_low_adhesion,Warning,Emergency,123.462,130.051
S0185,8.8,gradual_lead_deceleration,wet_low_adhesion,Safe,Emergency,118.478,119.359
S0185,9.0,gradual_lead_deceleration,wet_low_adhesion,Warning,Emergency,118.568,110.719
S0185,9.2,gradual_lead_deceleration,wet_low_adhesion,Safe,Emergency,113.677,120.534
S0185,9.4,gradual_lead_deceleration,wet_low_adhesion,Safe,Emergency,113.308,125.148
S0185,9.6,gradual_lead_deceleration,wet_low_adhesion,Warning,Emergency,112.953,133.724
S0185,9.8,gradual_lead_deceleration,wet_low_adhesion,Safe,Emergency,108.173,101.520
S0185,10.0,gradual_lead_deceleration,wet_low_adhesion,Safe,Emergency,108.416,132.605
S0185,10.2,gradual_lead_deceleration,wet_low_adhesion,Warning,Emergency,108.73,98.106
S0185,10.4,gradual_lead_deceleration,wet_low_adhesion,Safe,Emergency,104.036,127.007
S0185,10.6,gradual_lead_deceleration,wet_low_adhesion,Warning,Emergency,104.401,105.962
S0185,10.8,gradual_lead_deceleration,wet_low_adhesion,Safe,Emergency,99.798,91.487
S0185,11.0,gradual_lead_deceleration,wet_low_adhesion,Safe,Emergency,99.901,147.891
S0185,11.2,gradual_lead_deceleration,wet_low_adhesion,Warning,Emergency,100.215,124.663
S0185,11.4,gradual_lead_deceleration,wet_low_adhesion,Safe,Emergency,95.701,81.849
S0185,11.6,gradual_lead_deceleration,wet_low_adhesion,Warning,Emergency,95.82,86.296
S0185,11.8,gradual_lead_deceleration,wet_low_adhesion,Safe,Emergency,91.404,124.210
S0185,12.0,gradual_lead_deceleration,wet_low_adhesion,Safe,Emergency,91.6,77.933
S0185,12.2,gradual_lead_deceleration,wet_low_adhesion,Warning,Emergency,91.521,129.263
S0185,12.4,gradual_lead_deceleration,wet_low_adhesion,Safe,Emergency,87.203,83.348
S0185,12.6,gradual_lead_deceleration,wet_low_adhesion,Warning,Emergency,87.264,95.933
S0185,12.8,gradual_lead_deceleration,wet_low_adhesion,Safe,Emergency,83.048,81.780
S0185,13.0,gradual_lead_deceleration,wet_low_adhesion,Safe,Emergency,83.329,106.715
S0185,13.2,gradual_lead_deceleration,wet_low_adhesion,Warning,Emergency,83.2,86.694
S0185,13.4,gradual_lead_deceleration,wet_low_adhesion,Safe,Emergency,79.084,91.223
S0185,13.6,gradual_lead_deceleration,wet_low_adhesion,Warning,Emergency,79.118,70.159
S0185,13.8,gradual_lead_deceleration,wet_low_adhesion,Safe,Emergency,75.106,73.102
S0185,14.0,gradual_lead_deceleration,wet_low_adhesion,Safe,Emergency,75.316,74.548
S0185,14.2,gradual_lead_deceleration,wet_low_adhesion,Warning,Emergency,75.264,65.524
S0185,14.4,gradual_lead_deceleration,wet_low_adhesion,Safe,Emergency,71.355,92.252
S0185,14.6,gradual_lead_deceleration,wet_low_adhesion,Safe,Emergency,71.147,94.389
S0185,14.8,gradual_lead_deceleration,wet_low_adhesion,Warning,Emergency,71.418,88.374
S0185,15.0,gradual_lead_deceleration,wet_low_adhesion,Safe,Emergency,67.613,108.359
S0185,15.2,gradual_lead_deceleration,wet_low_adhesion,Warning,Emergency,67.716,82.684
S0185,15.4,gradual_lead_deceleration,wet_low_adhesion,Safe,Emergency,64.017,78.772
S0185,15.6,gradual_lead_deceleration,wet_low_adhesion,Safe,Emergency,63.911,80.519
S0185,15.8,gradual_lead_deceleration,wet_low_adhesion,Warning,Emergency,63.719,80.350
S0150,0.0,sudden_lead_braking,wet_low_adhesion,Emergency,Emergency,123.13,205.600
S0150,0.2,sudden_lead_braking,wet_low_adhesion,Emergency,Emergency,117.253,101.728
S0150,0.4,sudden_lead_braking,wet_low_adhesion,Emergency,Emergency,111.514,104.574
S0150,0.6,sudden_lead_braking,wet_low_adhesion,Emergency,Emergency,105.915,111.305
S0150,0.8,sudden_lead_braking,wet_low_adhesion,Emergency,Emergency,100.459,95.116
S0150,1.0,sudden_lead_braking,wet_low_adhesion,Emergency,Emergency,95.147,94.267
S0150,1.2,sudden_lead_braking,wet_low_adhesion,Emergency,Emergency,89.98,103.701
S0150,1.4,sudden_lead_braking,wet_low_adhesion,Emergency,Emergency,84.962,96.150
S0150,1.6,sudden_lead_braking,wet_low_adhesion,Emergency,Emergency,80.093,85.970
S0150,1.8,sudden_lead_braking,wet_low_adhesion,Emergency,Emergency,75.375,85.804
S0150,2.0,sudden_lead_braking,wet_low_adhesion,Emergency,Emergency,70.808,59.114
S0150,2.2,sudden_lead_braking,wet_low_adhesion,Emergency,Emergency,66.394,90.003
S0150,2.4,sudden_lead_braking,wet_low_adhesion,Emergency,Emergency,62.133,84.167
S0150,2.6,sudden_lead_braking,wet_low_adhesion,Emergency,Emergency,58.025,88.260
S0150,2.8,sudden_lead_braking,wet_low_adhesion,Emergency,Emergency,54.069,98.331
S0150,3.0,sudden_lead_braking,wet_low_adhesion,Emergency,Emergency,50.264,52.815
S0150,3.2,sudden_lead_braking,wet_low_adhesion,Emergency,Emergency,46.609,60.834
S0150,3.4,sudden_lead_braking,wet_low_adhesion,Emergency,Emergency,43.103,64.911
S0150,3.6,sudden_lead_braking,wet_low_adhesion,Emergency,Emergency,39.744,41.621
S0150,3.8,sudden_lead_braking,wet_low_adhesion,Emergency,Emergency,36.529,37.454
S0150,4.0,sudden_lead_braking,wet_low_adhesion,Emergency,Emergency,33.458,55.861
S0150,4.2,sudden_lead_braking,wet_low_adhesion,Emergency,Emergency,30.528,35.875
S0150,4.4,sudden_lead_braking,wet_low_adhesion,Emergency,Emergency,27.737,39.120
S0150,4.6,sudden_lead_braking,wet_low_adhesion,Emergency,Emergency,25.085,37.727
S0150,4.8,sudden_lead_braking,wet_low_adhesion,Emergency,Safe,22.567,23.613
S0150,5.0,sudden_lead_braking,wet_low_adhesion,Emergency,Emergency,20.184,40.363
S0150,5.2,sudden_lead_braking,wet_low_adhesion,Emergency,Warning,17.934,34.932
S0150,5.4,sudden_lead_braking,wet_low_adhesion,Warning,Warning,15.815,32.257
S0150,5.6,sudden_lead_braking,wet_low_adhesion,Warning,Safe,13.827,19.408
S0150,5.8,sudden_lead_braking,wet_low_adhesion,Warning,Warning,11.969,23.695
S0150,6.0,sudden_lead_braking,wet_low_adhesion,Warning,Safe,10.239,14.890
S0150,6.2,sudden_lead_braking,wet_low_adhesion,Warning,Safe,8.638,12.734
S0150,6.4,sudden_lead_braking,wet_low_adhesion,Warning,Safe,7.166,10.612
S0150,6.6,sudden_lead_braking,wet_low_adhesion,Warning,Safe,5.822,7.012
S0150,6.8,sudden_lead_braking,wet_low_adhesion,Safe,Safe,4.606,8.475
S0150,7.0,sudden_lead_braking,wet_low_adhesion,Safe,Safe,4.586,5.584
S0150,7.2,sudden_lead_braking,wet_low_adhesion,Safe,Safe,4.631,4.254
S0150,7.4,sudden_lead_braking,wet_low_adhesion,Safe,Safe,4.602,5.679
S0150,7.6,sudden_lead_braking,wet_low_adhesion,Safe,Safe,4.56,7.382
S0150,7.8,sudden_lead_braking,wet_low_adhesion,Safe,Safe,4.572,6.014
S0150,8.0,sudden_lead_braking,wet_low_adhesion,Safe,Safe,4.633,5.789
S0150,8.2,sudden_lead_braking,wet_low_adhesion,Safe,Safe,4.631,6.259
S0150,8.4,sudden_lead_braking,wet_low_adhesion,Safe,Safe,4.654,7.042
S0150,8.6,sudden_lead_braking,wet_low_adhesion,Safe,Safe,4.7,5.176
S0150,8.8,sudden_lead_braking,wet_low_adhesion,Safe,Safe,4.648,8.137
S0150,9.0,sudden_lead_braking,wet_low_adhesion,Safe,Safe,4.584,6.719
S0150,9.2,sudden_lead_braking,wet_low_adhesion,Safe,Safe,4.514,5.171
S0150,9.4,sudden_lead_braking,wet_low_adhesion,Safe,Safe,4.514,9.072
S0150,9.6,sudden_lead_braking,wet_low_adhesion,Safe,Safe,4.489,5.651
S0150,9.8,sudden_lead_braking,wet_low_adhesion,Safe,Safe,4.49,5.483
S0150,10.0,sudden_lead_braking,wet_low_adhesion,Safe,Safe,4.454,7.432
S0150,10.2,sudden_lead_braking,wet_low_adhesion,Safe,Safe,4.422,7.384
S0150,10.4,sudden_lead_braking,wet_low_adhesion,Safe,Safe,4.429,7.327
S0150,10.6,sudden_lead_braking,wet_low_adhesion,Safe,Safe,4.373,6.396
S0150,10.8,sudden_lead_braking,wet_low_adhesion,Safe,Safe,4.328,6.753
S0150,11.0,sudden_lead_braking,wet_low_adhesion,Safe,Safe,4.276,5.825
S0150,11.2,sudden_lead_braking,wet_low_adhesion,Safe,Safe,4.332,8.825
S0150,11.4,sudden_lead_braking,wet_low_adhesion,Safe,Safe,4.378,5.413
S0150,11.6,sudden_lead_braking,wet_low_adhesion,Safe,Safe,4.321,4.877
S0150,11.8,sudden_lead_braking,wet_low_adhesion,Safe,Safe,4.328,6.986
S0150,12.0,sudden_lead_braking,wet_low_adhesion,Safe,Safe,4.377,4.779
S0150,12.2,sudden_lead_braking,wet_low_adhesion,Safe,Safe,4.311,5.859
S0150,12.4,sudden_lead_braking,wet_low_adhesion,Safe,Safe,4.358,5.040
S0150,12.6,sudden_lead_braking,wet_low_adhesion,Safe,Safe,4.303,6.123
S0150,12.8,sudden_lead_braking,wet_low_adhesion,Safe,Safe,4.257,5.028
S0150,13.0,sudden_lead_braking,wet_low_adhesion,Safe,Safe,4.197,5.464
S0150,13.2,sudden_lead_braking,wet_low_adhesion,Safe,Safe,4.207,5.246
S0150,13.4,sudden_lead_braking,wet_low_adhesion,Safe,Safe,4.144,4.893
S0150,13.6,sudden_lead_braking,wet_low_adhesion,Safe,Safe,4.112,6.492
S0150,13.8,sudden_lead_braking,wet_low_adhesion,Safe,Safe,4.059,4.727
S0150,14.0,sudden_lead_braking,wet_low_adhesion,Safe,Safe,4.122,4.984
S0150,14.2,sudden_lead_braking,wet_low_adhesion,Safe,Safe,4.123,4.857
S0150,14.4,sudden_lead_braking,wet_low_adhesion,Safe,Safe,4.07,5.612
S0150,14.6,sudden_lead_braking,wet_low_adhesion,Safe,Safe,4.057,5.098
S0150,14.8,sudden_lead_braking,wet_low_adhesion,Safe,Safe,4.034,3.165
S0150,15.0,sudden_lead_braking,wet_low_adhesion,Safe,Safe,4.048,3.054
S0150,15.2,sudden_lead_braking,wet_low_adhesion,Safe,Safe,4.063,5.883
S0150,15.4,sudden_lead_braking,wet_low_adhesion,Safe,Safe,4.074,4.383
S0150,15.6,sudden_lead_braking,wet_low_adhesion,Safe,Safe,4.062,5.223
S0150,15.8,sudden_lead_braking,wet_low_adhesion,Safe,Safe,4.057,5.272
S0040,0.0,stable_following,wet_low_adhesion,Safe,Emergency,127.623,117.233
S0040,0.2,stable_following,wet_low_adhesion,Safe,Emergency,127.683,106.644
S0040,0.4,stable_following,wet_low_adhesion,Safe,Emergency,127.46,100.305
S0040,0.6,stable_following,wet_low_adhesion,Safe,Emergency,127.391,92.028
S0040,0.8,stable_following,wet_low_adhesion,Safe,Emergency,127.584,115.711
S0040,1.0,stable_following,wet_low_adhesion,Safe,Emergency,127.439,116.518
S0040,1.2,stable_following,wet_low_adhesion,Safe,Emergency,127.302,93.631
S0040,1.4,stable_following,wet_low_adhesion,Safe,Emergency,126.964,105.548
S0040,1.6,stable_following,wet_low_adhesion,Safe,Emergency,126.99,136.242
S0040,1.8,stable_following,wet_low_adhesion,Safe,Emergency,127.124,109.101
S0040,2.0,stable_following,wet_low_adhesion,Safe,Emergency,127.257,131.468
S0040,2.2,stable_following,wet_low_adhesion,Safe,Emergency,126.94,98.112
S0040,2.4,stable_following,wet_low_adhesion,Safe,Emergency,127.264,117.132
S0040,2.6,stable_following,wet_low_adhesion,Safe,Emergency,127.491,97.519
S0040,2.8,stable_following,wet_low_adhesion,Safe,Emergency,127.334,158.659
S0040,3.0,stable_following,wet_low_adhesion,Safe,Emergency,127.428,99.817
S0040,3.2,stable_following,wet_low_adhesion,Safe,Emergency,127.575,142.847
S0040,3.4,stable_following,wet_low_adhesion,Safe,Emergency,127.787,112.092
S0040,3.6,stable_following,wet_low_adhesion,Safe,Emergency,127.531,127.985
S0040,3.8,stable_following,wet_low_adhesion,Safe,Emergency,127.198,127.970
S0040,4.0,stable_following,wet_low_adhesion,Safe,Emergency,127.099,128.987
S0040,4.2,stable_following,wet_low_adhesion,Safe,Emergency,126.929,120.413
S0040,4.4,stable_following,wet_low_adhesion,Safe,Emergency,126.834,122.139
S0040,4.6,stable_following,wet_low_adhesion,Safe,Emergency,127.081,137.591
S0040,4.8,stable_following,wet_low_adhesion,Safe,Emergency,127.347,165.403
S0040,5.0,stable_following,wet_low_adhesion,Safe,Emergency,127.679,109.996
S0040,5.2,stable_following,wet_low_adhesion,Safe,Emergency,127.698,120.375
S0040,5.4,stable_following,wet_low_adhesion,Safe,Emergency,127.59,123.213
S0040,5.6,stable_following,wet_low_adhesion,Safe,Emergency,127.443,117.221
S0040,5.8,stable_following,wet_low_adhesion,Safe,Emergency,127.549,132.556
S0040,6.0,stable_following,wet_low_adhesion,Safe,Emergency,127.56,95.692
S0040,6.2,stable_following,wet_low_adhesion,Safe,Emergency,127.762,118.474
S0040,6.4,stable_following,wet_low_adhesion,Safe,Emergency,127.516,114.710
S0040,6.6,stable_following,wet_low_adhesion,Safe,Emergency,127.709,128.619
S0040,6.8,stable_following,wet_low_adhesion,Safe,Emergency,127.941,101.359
S0040,7.0,stable_following,wet_low_adhesion,Safe,Emergency,127.692,101.572
S0040,7.2,stable_following,wet_low_adhesion,Safe,Emergency,127.665,130.021
S0040,7.4,stable_following,wet_low_adhesion,Safe,Emergency,127.472,107.866
S0040,7.6,stable_following,wet_low_adhesion,Safe,Emergency,127.154,109.605
S0040,7.8,stable_following,wet_low_adhesion,Safe,Emergency,127.449,118.888
S0040,8.0,stable_following,wet_low_adhesion,Safe,Emergency,127.714,101.468
S0040,8.2,stable_following,wet_low_adhesion,Safe,Emergency,127.728,136.000
S0040,8.4,stable_following,wet_low_adhesion,Safe,Emergency,127.91,92.972
S0040,8.6,stable_following,wet_low_adhesion,Safe,Emergency,127.682,131.516
S0040,8.8,stable_following,wet_low_adhesion,Safe,Emergency,127.509,127.838
S0040,9.0,stable_following,wet_low_adhesion,Safe,Emergency,127.422,137.678
S0040,9.2,stable_following,wet_low_adhesion,Safe,Emergency,127.698,119.568
S0040,9.4,stable_following,wet_low_adhesion,Safe,Emergency,127.464,121.110
S0040,9.6,stable_following,wet_low_adhesion,Safe,Emergency,127.715,144.988
S0040,9.8,stable_following,wet_low_adhesion,Safe,Emergency,127.964,119.066
S0040,10.0,stable_following,wet_low_adhesion,Safe,Emergency,128.036,147.604
S0040,10.2,stable_following,wet_low_adhesion,Safe,Emergency,128.125,94.075
S0040,10.4,stable_following,wet_low_adhesion,Safe,Emergency,128.506,108.029
S0040,10.6,stable_following,wet_low_adhesion,Safe,Emergency,128.168,148.972
S0040,10.8,stable_following,wet_low_adhesion,Safe,Emergency,128.181,102.582
S0040,11.0,stable_following,wet_low_adhesion,Safe,Emergency,127.895,108.000
S0040,11.2,stable_following,wet_low_adhesion,Safe,Emergency,128.237,127.934
S0040,11.4,stable_following,wet_low_adhesion,Safe,Emergency,128.283,108.452
S0040,11.6,stable_following,wet_low_adhesion,Safe,Emergency,128.476,83.126
S0040,11.8,stable_following,wet_low_adhesion,Safe,Emergency,128.313,116.029
S0040,12.0,stable_following,wet_low_adhesion,Safe,Emergency,128.038,113.316
S0040,12.2,stable_following,wet_low_adhesion,Safe,Emergency,128.229,130.324
S0040,12.4,stable_following,wet_low_adhesion,Safe,Emergency,128.455,94.730
S0040,12.6,stable_following,wet_low_adhesion,Safe,Emergency,128.389,138.360
S0040,12.8,stable_following,wet_low_adhesion,Safe,Emergency,128.457,135.177
S0040,13.0,stable_following,wet_low_adhesion,Safe,Emergency,128.671,127.012
S0040,13.2,stable_following,wet_low_adhesion,Safe,Emergency,128.497,105.885
S0040,13.4,stable_following,wet_low_adhesion,Safe,Emergency,128.623,120.536
S0040,13.6,stable_following,wet_low_adhesion,Safe,Emergency,128.799,127.974
S0040,13.8,stable_following,wet_low_adhesion,Safe,Emergency,128.981,99.524
S0040,14.0,stable_following,wet_low_adhesion,Safe,Emergency,128.762,90.100
S0040,14.2,stable_following,wet_low_adhesion,Safe,Emergency,128.968,96.743
S0040,14.4,stable_following,wet_low_adhesion,Safe,Emergency,128.818,132.167
S0040,14.6,stable_following,wet_low_adhesion,Safe,Emergency,129.132,125.261
S0040,14.8,stable_following,wet_low_adhesion,Safe,Emergency,128.951,124.451
S0040,15.0,stable_following,wet_low_adhesion,Safe,Emergency,128.671,133.629
S0040,15.2,stable_following,wet_low_adhesion,Safe,Emergency,128.695,105.608
S0040,15.4,stable_following,wet_low_adhesion,Safe,Emergency,128.462,130.103
S0040,15.6,stable_following,wet_low_adhesion,Safe,Emergency,128.786,142.865
S0040,15.8,stable_following,wet_low_adhesion,Safe,Emergency,128.553,108.901
S0193,0.0,gradual_lead_deceleration,dry,Safe,Emergency,53.023,59.142
S0193,0.2,gradual_lead_deceleration,dry,Safe,Emergency,53.021,58.865
S0193,0.4,gradual_lead_deceleration,dry,Safe,Emergency,52.862,70.822
S0193,0.6,gradual_lead_deceleration,dry,Safe,Emergency,52.898,75.655
S0193,0.8,gradual_lead_deceleration,dry,Warning,Emergency,53.053,70.874
S0193,1.0,gradual_lead_deceleration,dry,Safe,Emergency,48.608,73.626
S0193,1.2,gradual_lead_deceleration,dry,Safe,Emergency,48.686,69.775
S0193,1.4,gradual_lead_deceleration,dry,Safe,Emergency,48.537,59.281
S0193,1.6,gradual_lead_deceleration,dry,Safe,Emergency,48.44,51.531
S0193,1.8,gradual_lead_deceleration,dry,Safe,Emergency,48.481,65.245
S0193,2.0,gradual_lead_deceleration,dry,Safe,Emergency,48.408,58.638
S0193,2.2,gradual_lead_deceleration,dry,Safe,Emergency,48.251,64.292
S0193,2.4,gradual_lead_deceleration,dry,Safe,Emergency,48.408,58.536
S0193,2.6,gradual_lead_deceleration,dry,Safe,Emergency,48.439,52.375
S0193,2.8,gradual_lead_deceleration,dry,Safe,Emergency,48.461,65.041
S0193,3.0,gradual_lead_deceleration,dry,Safe,Emergency,48.387,46.184
S0193,3.2,gradual_lead_deceleration,dry,Safe,Emergency,48.29,57.026
S0193,3.4,gradual_lead_deceleration,dry,Safe,Emergency,48.261,68.495
S0193,3.6,gradual_lead_deceleration,dry,Warning,Emergency,48.388,67.408
S0193,3.8,gradual_lead_deceleration,dry,Safe,Emergency,44.151,60.024
S0193,4.0,gradual_lead_deceleration,dry,Safe,Emergency,44.242,62.868
S0193,4.2,gradual_lead_deceleration,dry,Safe,Emergency,44.178,51.281
S0193,4.4,gradual_lead_deceleration,dry,Safe,Emergency,44.052,61.241
S0193,4.6,gradual_lead_deceleration,dry,Safe,Emergency,44.192,55.384
S0193,4.8,gradual_lead_deceleration,dry,Warning,Emergency,44.187,57.100
S0193,5.0,gradual_lead_deceleration,dry,Safe,Emergency,40.144,64.218
S0193,5.2,gradual_lead_deceleration,dry,Safe,Emergency,40.241,51.468
S0193,5.4,gradual_lead_deceleration,dry,Safe,Emergency,40.338,61.882
S0193,5.6,gradual_lead_deceleration,dry,Warning,Emergency,40.378,44.815
S0193,5.8,gradual_lead_deceleration,dry,Safe,Emergency,36.519,60.266
S0193,6.0,gradual_lead_deceleration,dry,Safe,Emergency,36.506,52.815
S0193,6.2,gradual_lead_deceleration,dry,Safe,Emergency,36.388,46.340
S0193,6.4,gradual_lead_deceleration,dry,Safe,Emergency,36.378,53.347
S0193,6.6,gradual_lead_deceleration,dry,Warning,Emergency,36.319,50.235
S0193,6.8,gradual_lead_deceleration,dry,Safe,Emergency,32.663,38.873
S0193,7.0,gradual_lead_deceleration,dry,Safe,Emergency,32.768,47.541
S0193,7.2,gradual_lead_deceleration,dry,Safe,Emergency,32.723,39.603
S0193,7.4,gradual_lead_deceleration,dry,Safe,Emergency,32.705,47.125
S0193,7.6,gradual_lead_deceleration,dry,Warning,Emergency,32.616,39.874
S0193,7.8,gradual_lead_deceleration,dry,Safe,Emergency,29.155,39.866
S0193,8.0,gradual_lead_deceleration,dry,Safe,Emergency,29.072,38.734
S0193,8.2,gradual_lead_deceleration,dry,Safe,Emergency,29.189,38.679
S0193,8.4,gradual_lead_deceleration,dry,Safe,Emergency,29.266,35.210
S0193,8.6,gradual_lead_deceleration,dry,Warning,Emergency,29.378,33.569
S0193,8.8,gradual_lead_deceleration,dry,Safe,Emergency,26.095,30.023
S0193,9.0,gradual_lead_deceleration,dry,Safe,Emergency,26.142,34.364
S0193,9.2,gradual_lead_deceleration,dry,Safe,Emergency,26.114,34.294
S0193,9.4,gradual_lead_deceleration,dry,Safe,Emergency,26.151,31.094
S0193,9.6,gradual_lead_deceleration,dry,Safe,Emergency,26.172,34.186
S0193,9.8,gradual_lead_deceleration,dry,Warning,Emergency,26.27,34.689
S0193,10.0,gradual_lead_deceleration,dry,Safe,Emergency,23.166,36.925
S0193,10.2,gradual_lead_deceleration,dry,Safe,Emergency,23.184,35.894
S0193,10.4,gradual_lead_deceleration,dry,Safe,Emergency,23.14,39.265
S0193,10.6,gradual_lead_deceleration,dry,Safe,Emergency,23.134,28.539
S0193,10.8,gradual_lead_deceleration,dry,Warning,Emergency,23.207,28.621
S0193,11.0,gradual_lead_deceleration,dry,Safe,Emergency,20.289,30.950
S0193,11.2,gradual_lead_deceleration,dry,Safe,Emergency,20.225,30.566
S0193,11.4,gradual_lead_deceleration,dry,Safe,Emergency,20.227,35.240
S0193,11.6,gradual_lead_deceleration,dry,Safe,Emergency,20.292,32.557
S0193,11.8,gradual_lead_deceleration,dry,Warning,Emergency,20.292,28.740
S0193,12.0,gradual_lead_deceleration,dry,Safe,Emergency,17.563,25.792
S0193,12.2,gradual_lead_deceleration,dry,Safe,Emergency,17.508,23.229
S0193,12.4,gradual_lead_deceleration,dry,Safe,Emergency,17.497,19.087
S0193,12.6,gradual_lead_deceleration,dry,Warning,Emergency,17.471,24.620
S0193,12.8,gradual_lead_deceleration,dry,Safe,Emergency,14.937,24.451
S0193,13.0,gradual_lead_deceleration,dry,Safe,Emergency,14.883,18.862
S0193,13.2,gradual_lead_deceleration,dry,Safe,Emergency,14.945,18.083
S0193,13.4,gradual_lead_deceleration,dry,Safe,Emergency,14.977,25.589
S0193,13.6,gradual_lead_deceleration,dry,Safe,Emergency,14.936,21.249
S0193,13.8,gradual_lead_deceleration,dry,Warning,Emergency,14.946,19.877
S0193,14.0,gradual_lead_deceleration,dry,Safe,Emergency,12.6,24.708
S0193,14.2,gradual_lead_deceleration,dry,Safe,Emergency,12.674,21.766
S0193,14.4,gradual_lead_deceleration,dry,Safe,Emergency,12.629,24.229
S0193,14.6,gradual_lead_deceleration,dry,Warning,Emergency,12.659,19.606
S0193,14.8,gradual_lead_deceleration,dry,Warning,Emergency,10.498,20.098
S0193,15.0,gradual_lead_deceleration,dry,Safe,Warning,8.524,11.404
S0193,15.2,gradual_lead_deceleration,dry,Safe,Warning,8.534,11.228
S0193,15.4,gradual_lead_deceleration,dry,Safe,Emergency,8.601,15.393
S0193,15.6,gradual_lead_deceleration,dry,Safe,Emergency,8.612,15.547
S0193,15.8,gradual_lead_deceleration,dry,Safe,Emergency,8.641,18.621
S0063,0.0,high_speed_approach,dry,Safe,Emergency,75.507,95.682
S0063,0.2,high_speed_approach,dry,Safe,Emergency,75.583,87.749
S0063,0.4,high_speed_approach,dry,Safe,Emergency,75.443,73.104
S0063,0.6,high_speed_approach,dry,Safe,Emergency,75.544,85.755
S0063,0.8,high_speed_approach,dry,Safe,Emergency,75.391,93.897
S0063,1.0,high_speed_approach,dry,Safe,Emergency,75.571,98.250
S0063,1.2,high_speed_approach,dry,Safe,Emergency,75.682,90.589
S0063,1.4,high_speed_approach,dry,Warning,Emergency,75.873,94.613
S0063,1.6,high_speed_approach,dry,Safe,Emergency,70.533,73.477
S0063,1.8,high_speed_approach,dry,Safe,Emergency,70.597,82.476
S0063,2.0,high_speed_approach,dry,Safe,Emergency,70.592,83.370
S0063,2.2,high_speed_approach,dry,Safe,Emergency,70.629,94.228
S0063,2.4,high_speed_approach,dry,Warning,Emergency,70.711,76.972
S0063,2.6,high_speed_approach,dry,Safe,Emergency,65.569,80.794
S0063,2.8,high_speed_approach,dry,Safe,Emergency,65.746,75.993
S0063,3.0,high_speed_approach,dry,Safe,Emergency,65.829,80.321
S0063,3.2,high_speed_approach,dry,Safe,Emergency,65.896,78.078
S0063,3.4,high_speed_approach,dry,Warning,Emergency,66.074,82.488
S0063,3.6,high_speed_approach,dry,Safe,Emergency,61.115,84.465
S0063,3.8,high_speed_approach,dry,Safe,Emergency,61.026,83.273
S0063,4.0,high_speed_approach,dry,Safe,Emergency,60.85,81.429
S0063,4.2,high_speed_approach,dry,Safe,Emergency,60.787,68.527
S0063,4.4,high_speed_approach,dry,Safe,Emergency,60.866,85.598
S0063,4.6,high_speed_approach,dry,Safe,Emergency,60.729,62.816
S0063,4.8,high_speed_approach,dry,Warning,Emergency,60.688,70.826
S0063,5.0,high_speed_approach,dry,Safe,Emergency,55.948,77.596
S0063,5.2,high_speed_approach,dry,Safe,Emergency,55.992,66.897
S0063,5.4,high_speed_approach,dry,Safe,Emergency,56.023,73.080
S0063,5.6,high_speed_approach,dry,Safe,Emergency,56.144,52.858
S0063,5.8,high_speed_approach,dry,Warning,Emergency,56.199,68.351
S0063,6.0,high_speed_approach,dry,Safe,Emergency,51.648,61.536
S0063,6.2,high_speed_approach,dry,Safe,Emergency,51.524,65.547
S0063,6.4,high_speed_approach,dry,Safe,Emergency,51.597,71.857
S0063,6.6,high_speed_approach,dry,Safe,Emergency,51.67,70.887
S0063,6.8,high_speed_approach,dry,Safe,Emergency,51.637,59.361
S0063,7.0,high_speed_approach,dry,Warning,Emergency,51.497,73.921
S0063,7.2,high_speed_approach,dry,Safe,Emergency,47.15,63.000
S0063,7.4,high_speed_approach,dry,Safe,Emergency,47.287,61.315
S0063,7.6,high_speed_approach,dry,Safe,Emergency,47.378,56.127
S0063,7.8,high_speed_approach,dry,Safe,Emergency,47.52,60.771
S0063,8.0,high_speed_approach,dry,Safe,Emergency,47.422,64.583
S0063,8.2,high_speed_approach,dry,Safe,Emergency,47.528,60.500
S0063,8.4,high_speed_approach,dry,Safe,Emergency,47.486,52.731
S0063,8.6,high_speed_approach,dry,Safe,Emergency,47.43,63.387
S0063,8.8,high_speed_approach,dry,Safe,Emergency,47.56,59.464
S0063,9.0,high_speed_approach,dry,Warning,Emergency,47.425,60.361
S0063,9.2,high_speed_approach,dry,Warning,Emergency,43.261,55.741
S0063,9.4,high_speed_approach,dry,Safe,Emergency,39.29,65.027
S0063,9.6,high_speed_approach,dry,Safe,Emergency,39.26,52.913
S0063,9.8,high_speed_approach,dry,Safe,Emergency,39.328,46.593
S0063,10.0,high_speed_approach,dry,Safe,Emergency,39.316,55.531
S0063,10.2,high_speed_approach,dry,Safe,Emergency,39.214,57.438
S0063,10.4,high_speed_approach,dry,Safe,Emergency,39.103,51.549
S0063,10.6,high_speed_approach,dry,Safe,Emergency,39.094,54.737
S0063,10.8,high_speed_approach,dry,Safe,Emergency,39.108,50.866
S0063,11.0,high_speed_approach,dry,Safe,Emergency,39.124,48.601
S0063,11.2,high_speed_approach,dry,Safe,Emergency,39.078,46.194
S0063,11.4,high_speed_approach,dry,Safe,Emergency,38.939,37.375
S0063,11.6,high_speed_approach,dry,Safe,Emergency,39.048,48.822
S0063,11.8,high_speed_approach,dry,Safe,Emergency,39.163,55.648
S0063,12.0,high_speed_approach,dry,Safe,Emergency,39.124,47.842
S0063,12.2,high_speed_approach,dry,Safe,Emergency,39.264,55.902
S0063,12.4,high_speed_approach,dry,Safe,Emergency,39.363,51.046
S0063,12.6,high_speed_approach,dry,Safe,Emergency,39.399,46.073
S0063,12.8,high_speed_approach,dry,Safe,Emergency,39.451,42.127
S0063,13.0,high_speed_approach,dry,Safe,Emergency,39.445,54.123
S0063,13.2,high_speed_approach,dry,Safe,Emergency,39.399,52.197
S0063,13.4,high_speed_approach,dry,Safe,Emergency,39.402,50.677
S0063,13.6,high_speed_approach,dry,Safe,Emergency,39.437,53.995
S0063,13.8,high_speed_approach,dry,Safe,Emergency,39.525,46.673
S0063,14.0,high_speed_approach,dry,Safe,Emergency,39.406,52.788
S0063,14.2,high_speed_approach,dry,Safe,Emergency,39.337,51.724
S0063,14.4,high_speed_approach,dry,Safe,Emergency,39.344,58.851
S0063,14.6,high_speed_approach,dry,Safe,Emergency,39.412,45.271
S0063,14.8,high_speed_approach,dry,Safe,Emergency,39.351,51.128
S0063,15.0,high_speed_approach,dry,Safe,Emergency,39.317,49.404
S0063,15.2,high_speed_approach,dry,Safe,Emergency,39.402,50.678
S0063,15.4,high_speed_approach,dry,Safe,Emergency,39.432,52.135
S0063,15.6,high_speed_approach,dry,Safe,Emergency,39.365,61.763
S0063,15.8,high_speed_approach,dry,Safe,Emergency,39.441,38.142
S0235,0.0,high_speed_approach,wet_low_adhesion,Safe,Emergency,222.548,256.596
S0235,0.2,high_speed_approach,wet_low_adhesion,Safe,Emergency,222.504,244.986
S0235,0.4,high_speed_approach,wet_low_adhesion,Safe,Emergency,222.422,185.215
S0235,0.6,high_speed_approach,wet_low_adhesion,Safe,Emergency,222.583,200.132
S0235,0.8,high_speed_approach,wet_low_adhesion,Safe,Emergency,222.214,214.947
S0235,1.0,high_speed_approach,wet_low_adhesion,Safe,Emergency,222.016,246.669
S0235,1.2,high_speed_approach,wet_low_adhesion,Safe,Emergency,221.599,174.178
S0235,1.4,high_speed_approach,wet_low_adhesion,Safe,Emergency,221.246,224.588
S0235,1.6,high_speed_approach,wet_low_adhesion,Safe,Emergency,221.045,316.888
S0235,1.8,high_speed_approach,wet_low_adhesion,Safe,Emergency,220.948,173.479
S0235,2.0,high_speed_approach,wet_low_adhesion,Safe,Emergency,220.827,175.382
S0235,2.2,high_speed_approach,wet_low_adhesion,Safe,Emergency,220.763,190.029
S0235,2.4,high_speed_approach,wet_low_adhesion,Safe,Emergency,220.432,164.978
S0235,2.6,high_speed_approach,wet_low_adhesion,Safe,Emergency,220.358,203.989
S0235,2.8,high_speed_approach,wet_low_adhesion,Safe,Emergency,220.227,251.579
S0235,3.0,high_speed_approach,wet_low_adhesion,Safe,Emergency,220.191,180.547
S0235,3.2,high_speed_approach,wet_low_adhesion,Safe,Emergency,220.368,235.186
S0235,3.4,high_speed_approach,wet_low_adhesion,Safe,Emergency,220.199,199.909
S0235,3.6,high_speed_approach,wet_low_adhesion,Safe,Emergency,220.439,229.971
S0235,3.8,high_speed_approach,wet_low_adhesion,Safe,Emergency,220.721,238.027
S0235,4.0,high_speed_approach,wet_low_adhesion,Safe,Emergency,220.576,223.060
S0235,4.2,high_speed_approach,wet_low_adhesion,Safe,Emergency,221.031,226.405
S0235,4.4,high_speed_approach,wet_low_adhesion,Safe,Emergency,220.564,202.199
S0235,4.6,high_speed_approach,wet_low_adhesion,Safe,Emergency,220.176,190.379
S0235,4.8,high_speed_approach,wet_low_adhesion,Safe,Emergency,220.215,210.433
S0235,5.0,high_speed_approach,wet_low_adhesion,Safe,Emergency,220.672,185.487
S0235,5.2,high_speed_approach,wet_low_adhesion,Safe,Emergency,220.248,219.187
S0235,5.4,high_speed_approach,wet_low_adhesion,Safe,Emergency,220.719,213.711
S0235,5.6,high_speed_approach,wet_low_adhesion,Safe,Emergency,220.498,268.293
S0235,5.8,high_speed_approach,wet_low_adhesion,Safe,Emergency,220.653,324.124
S0235,6.0,high_speed_approach,wet_low_adhesion,Safe,Emergency,220.369,193.356
S0235,6.2,high_speed_approach,wet_low_adhesion,Safe,Emergency,220.663,198.754
S0235,6.4,high_speed_approach,wet_low_adhesion,Safe,Emergency,221.127,207.698
S0235,6.6,high_speed_approach,wet_low_adhesion,Safe,Emergency,221.108,256.644
S0235,6.8,high_speed_approach,wet_low_adhesion,Safe,Emergency,220.804,216.223
S0235,7.0,high_speed_approach,wet_low_adhesion,Safe,Emergency,220.677,207.784
S0235,7.2,high_speed_approach,wet_low_adhesion,Warning,Emergency,221.119,221.637
S0235,7.4,high_speed_approach,wet_low_adhesion,Safe,Emergency,214.508,341.547
S0235,7.6,high_speed_approach,wet_low_adhesion,Warning,Emergency,214.729,263.791
S0235,7.8,high_speed_approach,wet_low_adhesion,Safe,Emergency,208.211,260.262
S0235,8.0,high_speed_approach,wet_low_adhesion,Warning,Emergency,208.47,196.316
S0235,8.2,high_speed_approach,wet_low_adhesion,Safe,Emergency,202.043,235.270
S0235,8.4,high_speed_approach,wet_low_adhesion,Safe,Emergency,202.165,175.159
S0235,8.6,high_speed_approach,wet_low_adhesion,Warning,Emergency,202.275,211.083
S0235,8.8,high_speed_approach,wet_low_adhesion,Safe,Emergency,195.939,205.038
S0235,9.0,high_speed_approach,wet_low_adhesion,Safe,Emergency,195.541,255.469
S0235,9.2,high_speed_approach,wet_low_adhesion,Warning,Emergency,195.834,202.279
S0235,9.4,high_speed_approach,wet_low_adhesion,Safe,Emergency,189.594,185.368
S0235,9.6,high_speed_approach,wet_low_adhesion,Safe,Emergency,189.698,170.711
S0235,9.8,high_speed_approach,wet_low_adhesion,Warning,Emergency,189.378,192.928
S0235,10.0,high_speed_approach,wet_low_adhesion,Safe,Emergency,183.236,212.794
S0235,10.2,high_speed_approach,wet_low_adhesion,Safe,Emergency,183.076,178.933
S0235,10.4,high_speed_approach,wet_low_adhesion,Safe,Emergency,183.244,143.137
S0235,10.6,high_speed_approach,wet_low_adhesion,Warning,Emergency,183.217,182.648
S0235,10.8,high_speed_approach,wet_low_adhesion,Safe,Emergency,177.17,170.228
S0235,11.0,high_speed_approach,wet_low_adhesion,Safe,Emergency,176.758,194.266
S0235,11.2,high_speed_approach,wet_low_adhesion,Safe,Emergency,176.88,171.964
S0235,11.4,high_speed_approach,wet_low_adhesion,Safe,Emergency,176.988,145.951
S0235,11.6,high_speed_approach,wet_low_adhesion,Warning,Emergency,176.645,271.575
S0235,11.8,high_speed_approach,wet_low_adhesion,Safe,Emergency,170.7,210.144
S0235,12.0,high_speed_approach,wet_low_adhesion,Safe,Emergency,170.555,194.376
S0235,12.2,high_speed_approach,wet_low_adhesion,Safe,Emergency,170.489,180.470
S0235,12.4,high_speed_approach,wet_low_adhesion,Warning,Emergency,170.828,214.089
S0235,12.6,high_speed_approach,wet_low_adhesion,Safe,Emergency,164.976,181.107
S0235,12.8,high_speed_approach,wet_low_adhesion,Safe,Emergency,164.909,148.241
S0235,13.0,high_speed_approach,wet_low_adhesion,Safe,Emergency,164.774,191.783
S0235,13.2,high_speed_approach,wet_low_adhesion,Safe,Emergency,164.745,172.879
S0235,13.4,high_speed_approach,wet_low_adhesion,Safe,Emergency,164.65,184.266
S0235,13.6,high_speed_approach,wet_low_adhesion,Warning,Emergency,164.838,178.647
S0235,13.8,high_speed_approach,wet_low_adhesion,Safe,Emergency,159.083,156.492
S0235,14.0,high_speed_approach,wet_low_adhesion,Safe,Emergency,158.797,209.144
S0235,14.2,high_speed_approach,wet_low_adhesion,Safe,Emergency,158.989,194.178
S0235,14.4,high_speed_approach,wet_low_adhesion,Safe,Emergency,158.587,213.298
S0235,14.6,high_speed_approach,wet_low_adhesion,Warning,Emergency,158.89,166.821
S0235,14.8,high_speed_approach,wet_low_adhesion,Safe,Emergency,153.235,137.949
S0235,15.0,high_speed_approach,wet_low_adhesion,Safe,Emergency,153.568,147.446
S0235,15.2,high_speed_approach,wet_low_adhesion,Safe,Emergency,153.332,187.478
S0235,15.4,high_speed_approach,wet_low_adhesion,Safe,Emergency,152.983,118.707
S0235,15.6,high_speed_approach,wet_low_adhesion,Warning,Emergency,153.119,179.783
S0235,15.8,high_speed_approach,wet_low_adhesion,Safe,Emergency,147.562,140.556
S0022,0.0,sudden_lead_braking,dry,Emergency,Emergency,65.806,92.718
S0022,0.2,sudden_lead_braking,dry,Emergency,Emergency,60.796,80.744
S0022,0.4,sudden_lead_braking,dry,Emergency,Emergency,55.991,66.291
S0022,0.6,sudden_lead_braking,dry,Emergency,Emergency,51.39,63.845
S0022,0.8,sudden_lead_braking,dry,Emergency,Emergency,46.99,68.299
S0022,1.0,sudden_lead_braking,dry,Emergency,Emergency,42.79,54.298
S0022,1.2,sudden_lead_braking,dry,Emergency,Emergency,38.788,47.431
S0022,1.4,sudden_lead_braking,dry,Warning,Emergency,34.983,49.636
S0022,1.6,sudden_lead_braking,dry,Warning,Warning,31.372,42.323
S0022,1.8,sudden_lead_braking,dry,Warning,Warning,27.956,36.762
S0022,2.0,sudden_lead_braking,dry,Warning,Safe,24.734,33.130
S0022,2.2,sudden_lead_braking,dry,Warning,Safe,21.704,27.420
S0022,2.4,sudden_lead_braking,dry,Warning,Safe,18.865,30.651
S0022,2.6,sudden_lead_braking,dry,Safe,Safe,16.218,23.002
S0022,2.8,sudden_lead_braking,dry,Safe,Safe,16.156,23.314
S0022,3.0,sudden_lead_braking,dry,Safe,Safe,16.079,19.332
S0022,3.2,sudden_lead_braking,dry,Warning,Safe,16.133,20.104
S0022,3.4,sudden_lead_braking,dry,Warning,Safe,13.684,17.670
S0022,3.6,sudden_lead_braking,dry,Warning,Safe,11.426,19.840
S0022,3.8,sudden_lead_braking,dry,Safe,Safe,9.36,18.639
S0022,4.0,sudden_lead_braking,dry,Safe,Safe,9.32,16.872
S0022,4.2,sudden_lead_braking,dry,Safe,Safe,9.366,15.076
S0022,4.4,sudden_lead_braking,dry,Safe,Safe,9.324,16.270
S0022,4.6,sudden_lead_braking,dry,Warning,Safe,9.291,13.118
S0022,4.8,sudden_lead_braking,dry,Safe,Safe,7.424,12.674
S0022,5.0,sudden_lead_braking,dry,Safe,Safe,7.429,12.053
S0022,5.2,sudden_lead_braking,dry,Safe,Safe,7.382,11.966
S0022,5.4,sudden_lead_braking,dry,Safe,Safe,7.431,13.795
S0022,5.6,sudden_lead_braking,dry,Safe,Safe,7.462,11.035
S0022,5.8,sudden_lead_braking,dry,Safe,Safe,7.461,12.496
S0022,6.0,sudden_lead_braking,dry,Safe,Safe,7.439,13.086
S0022,6.2,sudden_lead_braking,dry,Safe,Safe,7.438,11.928
S0022,6.4,sudden_lead_braking,dry,Safe,Safe,7.383,11.672
S0022,6.6,sudden_lead_braking,dry,Safe,Safe,7.363,12.563
S0022,6.8,sudden_lead_braking,dry,Safe,Safe,7.357,15.555
S0022,7.0,sudden_lead_braking,dry,Safe,Safe,7.398,11.036
S0022,7.2,sudden_lead_braking,dry,Safe,Safe,7.373,10.497
S0022,7.4,sudden_lead_braking,dry,Safe,Safe,7.315,11.784
S0022,7.6,sudden_lead_braking,dry,Safe,Safe,7.317,11.950
S0022,7.8,sudden_lead_braking,dry,Warning,Safe,7.328,14.672
S0022,8.0,sudden_lead_braking,dry,Safe,Safe,5.664,6.656
S0022,8.2,sudden_lead_braking,dry,Safe,Safe,5.666,9.345
S0022,8.4,sudden_lead_braking,dry,Safe,Safe,5.656,7.767
S0022,8.6,sudden_lead_braking,dry,Safe,Safe,5.652,9.149
S0022,8.8,sudden_lead_braking,dry,Safe,Safe,5.64,12.267
S0022,9.0,sudden_lead_braking,dry,Safe,Safe,5.64,10.167
S0022,9.2,sudden_lead_braking,dry,Safe,Safe,5.601,8.154
S0022,9.4,sudden_lead_braking,dry,Safe,Safe,5.559,8.411
S0022,9.6,sudden_lead_braking,dry,Safe,Safe,5.588,9.425
S0022,9.8,sudden_lead_braking,dry,Safe,Safe,5.598,11.937
S0022,10.0,sudden_lead_braking,dry,Safe,Safe,5.547,9.776
S0022,10.2,sudden_lead_braking,dry,Safe,Safe,5.496,10.795
S0022,10.4,sudden_lead_braking,dry,Safe,Safe,5.452,8.388
S0022,10.6,sudden_lead_braking,dry,Safe,Safe,5.498,10.415
S0022,10.8,sudden_lead_braking,dry,Safe,Safe,5.452,9.098
S0022,11.0,sudden_lead_braking,dry,Safe,Safe,5.47,7.115
S0022,11.2,sudden_lead_braking,dry,Safe,Safe,5.46,9.198
S0022,11.4,sudden_lead_braking,dry,Safe,Safe,5.459,9.640
S0022,11.6,sudden_lead_braking,dry,Safe,Safe,5.416,7.829
S0022,11.8,sudden_lead_braking,dry,Safe,Safe,5.425,9.962
S0022,12.0,sudden_lead_braking,dry,Safe,Safe,5.459,11.412
S0022,12.2,sudden_lead_braking,dry,Safe,Safe,5.419,10.862
S0022,12.4,sudden_lead_braking,dry,Safe,Safe,5.375,10.220
S0022,12.6,sudden_lead_braking,dry,Safe,Safe,5.426,10.508
S0022,12.8,sudden_lead_braking,dry,Safe,Safe,5.394,10.890
S0022,13.0,sudden_lead_braking,dry,Safe,Safe,5.359,11.343
S0022,13.2,sudden_lead_braking,dry,Safe,Safe,5.359,8.654
S0022,13.4,sudden_lead_braking,dry,Safe,Safe,5.33,9.870
S0022,13.6,sudden_lead_braking,dry,Safe,Safe,5.38,11.936
S0022,13.8,sudden_lead_braking,dry,Safe,Safe,5.414,9.488
S0022,14.0,sudden_lead_braking,dry,Safe,Safe,5.437,13.186
S0022,14.2,sudden_lead_braking,dry,Safe,Safe,5.46,9.748
S0022,14.4,sudden_lead_braking,dry,Safe,Safe,5.491,8.366
S0022,14.6,sudden_lead_braking,dry,Safe,Safe,5.446,9.417
S0022,14.8,sudden_lead_braking,dry,Safe,Safe,5.424,6.723
S0022,15.0,sudden_lead_braking,dry,Safe,Safe,5.452,7.670
S0022,15.2,sudden_lead_braking,dry,Safe,Safe,5.469,9.411
S0022,15.4,sudden_lead_braking,dry,Safe,Safe,5.508,8.948
S0022,15.6,sudden_lead_braking,dry,Safe,Safe,5.451,8.258
S0022,15.8,sudden_lead_braking,dry,Safe,Safe,5.441,8.723
S0135,0.0,high_speed_approach,wet_low_adhesion,Safe,Emergency,132.425,154.661
S0135,0.2,high_speed_approach,wet_low_adhesion,Safe,Emergency,132.101,122.233
S0135,0.4,high_speed_approach,wet_low_adhesion,Safe,Emergency,131.983,113.682
S0135,0.6,high_speed_approach,wet_low_adhesion,Safe,Emergency,131.948,151.332
S0135,0.8,high_speed_approach,wet_low_adhesion,Safe,Emergency,132.197,185.408
S0135,1.0,high_speed_approach,wet_low_adhesion,Safe,Emergency,131.936,166.263
S0135,1.2,high_speed_approach,wet_low_adhesion,Safe,Emergency,131.744,176.855
S0135,1.4,high_speed_approach,wet_low_adhesion,Safe,Emergency,131.545,141.861
S0135,1.6,high_speed_approach,wet_low_adhesion,Safe,Emergency,131.762,187.721
S0135,1.8,high_speed_approach,wet_low_adhesion,Warning,Emergency,131.71,151.914
S0135,2.0,high_speed_approach,wet_low_adhesion,Safe,Emergency,124.766,164.804
S0135,2.2,high_speed_approach,wet_low_adhesion,Safe,Emergency,125.041,151.905
S0135,2.4,high_speed_approach,wet_low_adhesion,Warning,Emergency,125.188,147.121
S0135,2.6,high_speed_approach,wet_low_adhesion,Safe,Emergency,118.424,148.588
S0135,2.8,high_speed_approach,wet_low_adhesion,Safe,Emergency,118.265,144.829
S0135,3.0,high_speed_approach,wet_low_adhesion,Safe,Emergency,118.0,137.837
S0135,3.2,high_speed_approach,wet_low_adhesion,Safe,Emergency,117.845,149.879
S0135,3.4,high_speed_approach,wet_low_adhesion,Safe,Emergency,117.634,129.062
S0135,3.6,high_speed_approach,wet_low_adhesion,Warning,Emergency,117.632,110.744
S0135,3.8,high_speed_approach,wet_low_adhesion,Safe,Emergency,111.086,160.128
S0135,4.0,high_speed_approach,wet_low_adhesion,Safe,Emergency,111.071,145.145
S0135,4.2,high_speed_approach,wet_low_adhesion,Safe,Emergency,111.317,124.394
S0135,4.4,high_speed_approach,wet_low_adhesion,Safe,Emergency,111.583,130.207
S0135,4.6,high_speed_approach,wet_low_adhesion,Warning,Emergency,111.386,147.026
S0135,4.8,high_speed_approach,wet_low_adhesion,Safe,Emergency,105.027,132.363
S0135,5.0,high_speed_approach,wet_low_adhesion,Safe,Emergency,104.945,112.040
S0135,5.2,high_speed_approach,wet_low_adhesion,Safe,Emergency,104.782,112.343
S0135,5.4,high_speed_approach,wet_low_adhesion,Safe,Emergency,104.931,120.504
S0135,5.6,high_speed_approach,wet_low_adhesion,Safe,Emergency,104.752,118.940
S0135,5.8,high_speed_approach,wet_low_adhesion,Warning,Emergency,104.882,105.981
S0135,6.0,high_speed_approach,wet_low_adhesion,Safe,Emergency,98.724,119.066
S0135,6.2,high_speed_approach,wet_low_adhesion,Safe,Emergency,98.735,105.959
S0135,6.4,high_speed_approach,wet_low_adhesion,Safe,Emergency,98.928,110.667
S0135,6.6,high_speed_approach,wet_low_adhesion,Safe,Emergency,98.733,126.236
S0135,6.8,high_speed_approach,wet_low_adhesion,Safe,Emergency,98.83,107.847
S0135,7.0,high_speed_approach,wet_low_adhesion,Safe,Emergency,98.558,149.575
S0135,7.2,high_speed_approach,wet_low_adhesion,Warning,Emergency,98.301,130.372
S0135,7.4,high_speed_approach,wet_low_adhesion,Safe,Emergency,92.355,127.988
S0135,7.6,high_speed_approach,wet_low_adhesion,Safe,Emergency,92.359,96.482
S0135,7.8,high_speed_approach,wet_low_adhesion,Safe,Emergency,92.328,106.690
S0135,8.0,high_speed_approach,wet_low_adhesion,Safe,Emergency,92.432,99.813
S0135,8.2,high_speed_approach,wet_low_adhesion,Safe,Emergency,92.67,117.597
S0135,8.4,high_speed_approach,wet_low_adhesion,Warning,Emergency,92.824,131.353
S0135,8.6,high_speed_approach,wet_low_adhesion,Safe,Emergency,87.062,116.964
S0135,8.8,high_speed_approach,wet_low_adhesion,Safe,Emergency,86.922,112.255
S0135,9.0,high_speed_approach,wet_low_adhesion,Safe,Emergency,86.935,105.326
S0135,9.2,high_speed_approach,wet_low_adhesion,Safe,Emergency,86.791,113.439
S0135,9.4,high_speed_approach,wet_low_adhesion,Safe,Emergency,86.756,105.685
S0135,9.6,high_speed_approach,wet_low_adhesion,Safe,Emergency,86.938,89.549
S0135,9.8,high_speed_approach,wet_low_adhesion,Safe,Emergency,86.915,135.399
S0135,10.0,high_speed_approach,wet_low_adhesion,Warning,Emergency,86.912,98.277
S0135,10.2,high_speed_approach,wet_low_adhesion,Safe,Emergency,81.354,111.227
S0135,10.4,high_speed_approach,wet_low_adhesion,Safe,Emergency,81.6,104.962
S0135,10.6,high_speed_approach,wet_low_adhesion,Safe,Emergency,81.589,99.042
S0135,10.8,high_speed_approach,wet_low_adhesion,Safe,Emergency,81.395,99.814
S0135,11.0,high_speed_approach,wet_low_adhesion,Safe,Emergency,81.428,87.900
S0135,11.2,high_speed_approach,wet_low_adhesion,Safe,Emergency,81.549,108.597
S0135,11.4,high_speed_approach,wet_low_adhesion,Safe,Emergency,81.319,106.195
S0135,11.6,high_speed_approach,wet_low_adhesion,Safe,Emergency,81.518,96.228
S0135,11.8,high_speed_approach,wet_low_adhesion,Safe,Emergency,81.713,102.165
S0135,12.0,high_speed_approach,wet_low_adhesion,Safe,Emergency,81.776,106.820
S0135,12.2,high_speed_approach,wet_low_adhesion,Safe,Emergency,81.981,103.180
S0135,12.4,high_speed_approach,wet_low_adhesion,Warning,Emergency,82.163,110.789
S0135,12.6,high_speed_approach,wet_low_adhesion,Warning,Emergency,76.774,78.748
S0135,12.8,high_speed_approach,wet_low_adhesion,Safe,Emergency,71.583,95.690
S0135,13.0,high_speed_approach,wet_low_adhesion,Safe,Emergency,71.431,87.021
S0135,13.2,high_speed_approach,wet_low_adhesion,Safe,Emergency,71.516,80.717
S0135,13.4,high_speed_approach,wet_low_adhesion,Safe,Emergency,71.362,87.238
S0135,13.6,high_speed_approach,wet_low_adhesion,Safe,Emergency,71.531,104.760
S0135,13.8,high_speed_approach,wet_low_adhesion,Safe,Emergency,71.746,89.885
S0135,14.0,high_speed_approach,wet_low_adhesion,Safe,Emergency,71.743,89.359
S0135,14.2,high_speed_approach,wet_low_adhesion,Safe,Emergency,71.87,103.106
S0135,14.4,high_speed_approach,wet_low_adhesion,Safe,Emergency,71.889,84.250
S0135,14.6,high_speed_approach,wet_low_adhesion,Safe,Emergency,71.964,86.227
S0135,14.8,high_speed_approach,wet_low_adhesion,Safe,Emergency,71.742,83.847
S0135,15.0,high_speed_approach,wet_low_adhesion,Safe,Emergency,71.629,131.041
S0135,15.2,high_speed_approach,wet_low_adhesion,Safe,Emergency,71.661,96.459
S0135,15.4,high_speed_approach,wet_low_adhesion,Safe,Emergency,71.543,82.834
S0135,15.6,high_speed_approach,wet_low_adhesion,Safe,Emergency,71.311,82.640
S0135,15.8,high_speed_approach,wet_low_adhesion,Safe,Emergency,71.382,88.450
S0176,0.0,stable_following,dry,Safe,Warning,32.981,62.229
S0176,0.2,stable_following,dry,Safe,Safe,32.968,46.986
S0176,0.4,stable_following,dry,Safe,Safe,32.869,46.885
S0176,0.6,stable_following,dry,Safe,Safe,32.794,53.060
S0176,0.8,stable_following,dry,Safe,Emergency,32.784,67.216
S0176,1.0,stable_following,dry,Safe,Safe,32.86,49.189
S0176,1.2,stable_following,dry,Safe,Warning,32.949,55.204
S0176,1.4,stable_following,dry,Safe,Safe,32.851,52.348
S0176,1.6,stable_following,dry,Safe,Warning,32.761,57.693
S0176,1.8,stable_following,dry,Safe,Warning,32.693,55.056
S0176,2.0,stable_following,dry,Safe,Safe,32.756,52.870
S0176,2.2,stable_following,dry,Safe,Warning,32.677,55.277
S0176,2.4,stable_following,dry,Safe,Warning,32.677,60.735
S0176,2.6,stable_following,dry,Safe,Safe,32.697,51.681
S0176,2.8,stable_following,dry,Safe,Safe,32.73,47.277
S0176,3.0,stable_following,dry,Safe,Safe,32.796,37.474
S0176,3.2,stable_following,dry,Safe,Safe,32.909,49.432
S0176,3.4,stable_following,dry,Safe,Safe,32.86,38.199
S0176,3.6,stable_following,dry,Safe,Safe,32.908,47.506
S0176,3.8,stable_following,dry,Safe,Safe,32.866,52.970
S0176,4.0,stable_following,dry,Safe,Safe,32.77,49.685
S0176,4.2,stable_following,dry,Safe,Safe,32.67,52.592
S0176,4.4,stable_following,dry,Safe,Safe,32.59,44.518
S0176,4.6,stable_following,dry,Safe,Safe,32.468,46.999
S0176,4.8,stable_following,dry,Safe,Safe,32.575,47.779
S0176,5.0,stable_following,dry,Safe,Safe,32.584,41.641
S0176,5.2,stable_following,dry,Safe,Warning,32.608,53.276
S0176,5.4,stable_following,dry,Safe,Safe,32.622,44.324
S0176,5.6,stable_following,dry,Safe,Safe,32.568,49.249
S0176,5.8,stable_following,dry,Safe,Safe,32.574,49.114
S0176,6.0,stable_following,dry,Safe,Warning,32.584,53.183
S0176,6.2,stable_following,dry,Safe,Safe,32.638,41.456
S0176,6.4,stable_following,dry,Safe,Safe,32.713,35.172
S0176,6.6,stable_following,dry,Safe,Safe,32.703,50.138
S0176,6.8,stable_following,dry,Safe,Safe,32.66,48.559
S0176,7.0,stable_following,dry,Safe,Safe,32.572,49.634
S0176,7.2,stable_following,dry,Safe,Warning,32.556,53.017
S0176,7.4,stable_following,dry,Safe,Safe,32.584,46.693
S0176,7.6,stable_following,dry,Safe,Warning,32.565,51.594
S0176,7.8,stable_following,dry,Safe,Warning,32.563,51.774
S0176,8.0,stable_following,dry,Safe,Safe,32.44,41.383
S0176,8.2,stable_following,dry,Safe,Safe,32.539,45.715
S0176,8.4,stable_following,dry,Safe,Safe,32.444,45.432
S0176,8.6,stable_following,dry,Safe,Safe,32.485,44.145
S0176,8.8,stable_following,dry,Safe,Safe,32.465,45.169
S0176,9.0,stable_following,dry,Safe,Safe,32.567,50.721
S0176,9.2,stable_following,dry,Safe,Safe,32.625,48.599
S0176,9.4,stable_following,dry,Safe,Warning,32.622,54.474
S0176,9.6,stable_following,dry,Safe,Safe,32.554,49.555
S0176,9.8,stable_following,dry,Safe,Safe,32.56,42.303
S0176,10.0,stable_following,dry,Safe,Safe,32.482,44.793
S0176,10.2,stable_following,dry,Safe,Safe,32.575,44.352
S0176,10.4,stable_following,dry,Safe,Warning,32.584,54.231
S0176,10.6,stable_following,dry,Safe,Warning,32.68,53.490
S0176,10.8,stable_following,dry,Safe,Warning,32.732,51.663
S0176,11.0,stable_following,dry,Safe,Warning,32.819,54.916
S0176,11.2,stable_following,dry,Safe,Warning,32.758,58.807
S0176,11.4,stable_following,dry,Safe,Safe,32.882,47.367
S0176,11.6,stable_following,dry,Safe,Warning,32.812,54.505
S0176,11.8,stable_following,dry,Safe,Warning,32.798,49.919
S0176,12.0,stable_following,dry,Safe,Safe,32.703,49.405
S0176,12.2,stable_following,dry,Safe,Safe,32.624,45.090
S0176,12.4,stable_following,dry,Safe,Warning,32.736,50.067
S0176,12.6,stable_following,dry,Safe,Warning,32.81,50.689
S0176,12.8,stable_following,dry,Safe,Safe,32.906,43.538
S0176,13.0,stable_following,dry,Safe,Warning,32.782,48.861
S0176,13.2,stable_following,dry,Safe,Warning,32.741,55.588
S0176,13.4,stable_following,dry,Safe,Warning,32.654,55.902
S0176,13.6,stable_following,dry,Safe,Safe,32.765,47.661
S0176,13.8,stable_following,dry,Safe,Warning,32.754,49.661
S0176,14.0,stable_following,dry,Safe,Warning,32.849,56.747
S0176,14.2,stable_following,dry,Safe,Safe,32.732,46.457
S0176,14.4,stable_following,dry,Safe,Safe,32.748,47.311
S0176,14.6,stable_following,dry,Safe,Safe,32.628,42.613
S0176,14.8,stable_following,dry,Safe,Safe,32.717,47.719
S0176,15.0,stable_following,dry,Safe,Safe,32.663,46.503
S0176,15.2,stable_following,dry,Safe,Safe,32.566,42.687
S0176,15.4,stable_following,dry,Safe,Warning,32.557,47.819
S0176,15.6,stable_following,dry,Safe,Warning,32.523,50.024
S0176,15.8,stable_following,dry,Safe,Warning,32.481,53.656
S0183,0.0,high_speed_approach,dry,Warning,Emergency,98.113,118.101
S0183,0.2,high_speed_approach,dry,Warning,Emergency,92.325,115.546
S0183,0.4,high_speed_approach,dry,Safe,Emergency,86.725,103.008
S0183,0.6,high_speed_approach,dry,Safe,Emergency,86.831,82.778
S0183,0.8,high_speed_approach,dry,Safe,Emergency,86.932,103.081
S0183,1.0,high_speed_approach,dry,Warning,Emergency,86.999,89.696
S0183,1.2,high_speed_approach,dry,Safe,Emergency,81.575,85.319
S0183,1.4,high_speed_approach,dry,Safe,Emergency,81.633,99.696
S0183,1.6,high_speed_approach,dry,Safe,Emergency,81.515,79.419
S0183,1.8,high_speed_approach,dry,Safe,Emergency,81.444,94.276
S0183,2.0,high_speed_approach,dry,Safe,Emergency,81.42,87.620
S0183,2.2,high_speed_approach,dry,Warning,Emergency,81.524,83.807
S0183,2.4,high_speed_approach,dry,Safe,Emergency,76.286,95.417
S0183,2.6,high_speed_approach,dry,Safe,Emergency,76.159,97.867
S0183,2.8,high_speed_approach,dry,Safe,Emergency,76.257,93.537
S0183,3.0,high_speed_approach,dry,Safe,Emergency,76.082,84.914
S0183,3.2,high_speed_approach,dry,Safe,Emergency,76.249,81.481
S0183,3.4,high_speed_approach,dry,Warning,Emergency,76.366,70.572
S0183,3.6,high_speed_approach,dry,Safe,Emergency,71.307,63.316
S0183,3.8,high_speed_approach,dry,Safe,Emergency,71.229,102.563
S0183,4.0,high_speed_approach,dry,Safe,Emergency,71.251,81.525
S0183,4.2,high_speed_approach,dry,Safe,Emergency,71.18,71.527
S0183,4.4,high_speed_approach,dry,Safe,Emergency,71.091,76.207
S0183,4.6,high_speed_approach,dry,Warning,Emergency,71.101,77.751
S0183,4.8,high_speed_approach,dry,Safe,Emergency,66.232,86.865
S0183,5.0,high_speed_approach,dry,Safe,Emergency,66.126,64.094
S0183,5.2,high_speed_approach,dry,Safe,Emergency,66.146,83.982
S0183,5.4,high_speed_approach,dry,Safe,Emergency,66.117,88.684
S0183,5.6,high_speed_approach,dry,Safe,Emergency,66.288,71.808
S0183,5.8,high_speed_approach,dry,Warning,Emergency,66.381,83.343
S0183,6.0,high_speed_approach,dry,Safe,Emergency,61.684,61.547
S0183,6.2,high_speed_approach,dry,Safe,Emergency,61.546,56.076
S0183,6.4,high_speed_approach,dry,Safe,Emergency,61.478,67.553
S0183,6.6,high_speed_approach,dry,Safe,Emergency,61.481,55.508
S0183,6.8,high_speed_approach,dry,Safe,Emergency,61.644,68.303
S0183,7.0,high_speed_approach,dry,Safe,Emergency,61.693,75.022
S0183,7.2,high_speed_approach,dry,Warning,Emergency,61.795,57.709
S0183,7.4,high_speed_approach,dry,Warning,Emergency,57.271,74.581
S0183,7.6,high_speed_approach,dry,Safe,Emergency,52.923,65.964
S0183,7.8,high_speed_approach,dry,Safe,Emergency,53.057,72.075
S0183,8.0,high_speed_approach,dry,Safe,Emergency,53.121,67.756
S0183,8.2,high_speed_approach,dry,Safe,Emergency,53.233,47.486
S0183,8.4,high_speed_approach,dry,Safe,Emergency,53.092,72.279
S0183,8.6,high_speed_approach,dry,Safe,Emergency,53.247,55.041
S0183,8.8,high_speed_approach,dry,Safe,Emergency,53.259,59.857
S0183,9.0,high_speed_approach,dry,Safe,Emergency,53.29,64.962
S0183,9.2,high_speed_approach,dry,Safe,Emergency,53.401,51.003
S0183,9.4,high_speed_approach,dry,Safe,Emergency,53.543,55.466
S0183,9.6,high_speed_approach,dry,Safe,Emergency,53.574,61.936
S0183,9.8,high_speed_approach,dry,Safe,Emergency,53.578,66.473
S0183,10.0,high_speed_approach,dry,Safe,Emergency,53.659,59.030
S0183,10.2,high_speed_approach,dry,Safe,Emergency,53.658,58.445
S0183,10.4,high_speed_approach,dry,Safe,Emergency,53.622,56.652
S0183,10.6,high_speed_approach,dry,Safe,Emergency,53.526,52.952
S0183,10.8,high_speed_approach,dry,Safe,Emergency,53.512,54.991
S0183,11.0,high_speed_approach,dry,Safe,Emergency,53.617,64.758
S0183,11.2,high_speed_approach,dry,Safe,Emergency,53.69,55.287
S0183,11.4,high_speed_approach,dry,Safe,Emergency,53.63,57.932
S0183,11.6,high_speed_approach,dry,Safe,Emergency,53.506,55.459
S0183,11.8,high_speed_approach,dry,Safe,Emergency,53.376,45.499
S0183,12.0,high_speed_approach,dry,Safe,Emergency,53.313,55.577
S0183,12.2,high_speed_approach,dry,Safe,Emergency,53.381,61.285
S0183,12.4,high_speed_approach,dry,Safe,Emergency,53.361,44.758
S0183,12.6,high_speed_approach,dry,Safe,Emergency,53.314,72.906
S0183,12.8,high_speed_approach,dry,Safe,Emergency,53.265,65.915
S0183,13.0,high_speed_approach,dry,Safe,Emergency,53.393,56.102
S0183,13.2,high_speed_approach,dry,Safe,Emergency,53.471,53.619
S0183,13.4,high_speed_approach,dry,Safe,Emergency,53.429,54.191
S0183,13.6,high_speed_approach,dry,Safe,Emergency,53.515,58.054
S0183,13.8,high_speed_approach,dry,Safe,Emergency,53.363,64.964
S0183,14.0,high_speed_approach,dry,Safe,Emergency,53.289,58.955
S0183,14.2,high_speed_approach,dry,Safe,Emergency,53.321,53.746
S0183,14.4,high_speed_approach,dry,Safe,Emergency,53.256,61.589
S0183,14.6,high_speed_approach,dry,Safe,Emergency,53.104,64.968
S0183,14.8,high_speed_approach,dry,Safe,Emergency,52.951,57.596
S0183,15.0,high_speed_approach,dry,Safe,Emergency,53.053,62.832
S0183,15.2,high_speed_approach,dry,Safe,Emergency,52.986,70.600
S0183,15.4,high_speed_approach,dry,Safe,Emergency,52.862,55.132
S0183,15.6,high_speed_approach,dry,Safe,Emergency,52.714,53.126
S0183,15.8,high_speed_approach,dry,Safe,Emergency,52.711,74.292
S0049,0.0,gradual_lead_deceleration,dry,Warning,Emergency,35.431,43.178
S0049,0.2,gradual_lead_deceleration,dry,Warning,Emergency,31.825,44.466
S0049,0.4,gradual_lead_deceleration,dry,Safe,Warning,28.412,32.351
S0049,0.6,gradual_lead_deceleration,dry,Safe,Warning,28.36,29.471
S0049,0.8,gradual_lead_deceleration,dry,Safe,Warning,28.296,28.513
S0049,1.0,gradual_lead_deceleration,dry,Safe,Warning,28.377,21.805
S0049,1.2,gradual_lead_deceleration,dry,Safe,Warning,28.382,27.418
S0049,1.4,gradual_lead_deceleration,dry,Safe,Warning,28.462,26.459
S0049,1.6,gradual_lead_deceleration,dry,Warning,Emergency,28.373,35.186
S0049,1.8,gradual_lead_deceleration,dry,Safe,Emergency,25.155,36.037
S0049,2.0,gradual_lead_deceleration,dry,Safe,Emergency,25.118,28.975
S0049,2.2,gradual_lead_deceleration,dry,Safe,Emergency,25.016,29.608
S0049,2.4,gradual_lead_deceleration,dry,Safe,Emergency,24.935,26.978
S0049,2.6,gradual_lead_deceleration,dry,Safe,Warning,24.961,24.063
S0049,2.8,gradual_lead_deceleration,dry,Safe,Emergency,24.977,26.808
S0049,3.0,gradual_lead_deceleration,dry,Safe,Emergency,25.017,29.623
S0049,3.2,gradual_lead_deceleration,dry,Safe,Warning,25.057,20.392
S0049,3.4,gradual_lead_deceleration,dry,Safe,Emergency,24.945,29.426
S0049,3.6,gradual_lead_deceleration,dry,Warning,Warning,25.038,18.585
S0049,3.8,gradual_lead_deceleration,dry,Safe,Emergency,22.018,27.208
S0049,4.0,gradual_lead_deceleration,dry,Safe,Emergency,22.122,22.997
S0049,4.2,gradual_lead_deceleration,dry,Safe,Emergency,22.214,25.041
S0049,4.4,gradual_lead_deceleration,dry,Safe,Emergency,22.173,28.319
S0049,4.6,gradual_lead_deceleration,dry,Safe,Emergency,22.179,20.728
S0049,4.8,gradual_lead_deceleration,dry,Warning,Warning,22.277,17.473
S0049,5.0,gradual_lead_deceleration,dry,Safe,Emergency,19.43,18.915
S0049,5.2,gradual_lead_deceleration,dry,Safe,Emergency,19.334,21.094
S0049,5.4,gradual_lead_deceleration,dry,Safe,Emergency,19.358,22.956
S0049,5.6,gradual_lead_deceleration,dry,Warning,Emergency,19.419,23.320
S0049,5.8,gradual_lead_deceleration,dry,Safe,Emergency,16.762,27.631
S0049,6.0,gradual_lead_deceleration,dry,Safe,Warning,16.808,15.329
S0049,6.2,gradual_lead_deceleration,dry,Safe,Emergency,16.888,20.612
S0049,6.4,gradual_lead_deceleration,dry,Warning,Emergency,16.892,21.204
S0049,6.6,gradual_lead_deceleration,dry,Safe,Emergency,14.415,23.998
S0049,6.8,gradual_lead_deceleration,dry,Safe,Warning,14.451,11.178
S0049,7.0,gradual_lead_deceleration,dry,Safe,Emergency,14.513,15.483
S0049,7.2,gradual_lead_deceleration,dry,Warning,Emergency,14.447,17.855
S0049,7.4,gradual_lead_deceleration,dry,Safe,Emergency,12.158,17.721
S0049,7.6,gradual_lead_deceleration,dry,Safe,Warning,12.194,11.454
S0049,7.8,gradual_lead_deceleration,dry,Safe,Warning,12.206,12.403
S0049,8.0,gradual_lead_deceleration,dry,Warning,Emergency,12.151,17.622
S0049,8.2,gradual_lead_deceleration,dry,Safe,Emergency,10.053,15.511
S0049,8.4,gradual_lead_deceleration,dry,Safe,Emergency,9.982,16.791
S0049,8.6,gradual_lead_deceleration,dry,Safe,Emergency,9.987,13.641
S0049,8.8,gradual_lead_deceleration,dry,Warning,Emergency,9.944,14.261
S0049,9.0,gradual_lead_deceleration,dry,Warning,Emergency,8.046,12.294
S0049,9.2,gradual_lead_deceleration,dry,Safe,Warning,6.34,8.481
S0049,9.4,gradual_lead_deceleration,dry,Safe,Warning,6.356,8.243
S0049,9.6,gradual_lead_deceleration,dry,Safe,Warning,6.358,5.542
S0049,9.8,gradual_lead_deceleration,dry,Safe,Warning,6.306,7.225
S0049,10.0,gradual_lead_deceleration,dry,Safe,Warning,6.282,7.324
S0049,10.2,gradual_lead_deceleration,dry,Safe,Warning,6.315,7.368
S0049,10.4,gradual_lead_deceleration,dry,Safe,Warning,6.32,6.429
S0049,10.6,gradual_lead_deceleration,dry,Safe,Warning,6.321,9.473
S0049,10.8,gradual_lead_deceleration,dry,Safe,Warning,6.274,6.122
S0049,11.0,gradual_lead_deceleration,dry,Safe,Warning,6.237,6.901
S0049,11.2,gradual_lead_deceleration,dry,Warning,Emergency,6.254,13.774
S0049,11.4,gradual_lead_deceleration,dry,Warning,Warning,4.749,5.426
S0049,11.6,gradual_lead_deceleration,dry,Warning,Warning,3.438,4.622
S0049,11.8,gradual_lead_deceleration,dry,Safe,Warning,2.321,2.654
S0049,12.0,gradual_lead_deceleration,dry,Safe,Warning,2.333,4.017
S0049,12.2,gradual_lead_deceleration,dry,Safe,Warning,2.319,4.281
S0049,12.4,gradual_lead_deceleration,dry,Safe,Warning,2.323,3.303
S0049,12.6,gradual_lead_deceleration,dry,Safe,Warning,2.34,4.350
S0049,12.8,gradual_lead_deceleration,dry,Safe,Safe,2.321,2.809
S0049,13.0,gradual_lead_deceleration,dry,Safe,Safe,2.305,2.716
S0049,13.2,gradual_lead_deceleration,dry,Warning,Safe,2.322,2.517
S0049,13.4,gradual_lead_deceleration,dry,Safe,Safe,1.4,3.463
S0049,13.6,gradual_lead_deceleration,dry,Safe,Safe,1.375,2.595
S0049,13.8,gradual_lead_deceleration,dry,Safe,Safe,1.377,1.868
S0049,14.0,gradual_lead_deceleration,dry,Safe,Safe,1.388,2.625
S0049,14.2,gradual_lead_deceleration,dry,Safe,Safe,1.363,3.123
S0049,14.4,gradual_lead_deceleration,dry,Safe,Safe,1.352,1.249
S0049,14.6,gradual_lead_deceleration,dry,Safe,Safe,1.334,1.663
S0049,14.8,gradual_lead_deceleration,dry,Safe,Safe,1.343,1.664
S0049,15.0,gradual_lead_deceleration,dry,Safe,Safe,1.325,1.686
S0049,15.2,gradual_lead_deceleration,dry,Safe,Safe,1.309,2.547
S0049,15.4,gradual_lead_deceleration,dry,Safe,Safe,1.283,2.700
S0049,15.6,gradual_lead_deceleration,dry,Safe,Safe,1.271,1.961
S0049,15.8,gradual_lead_deceleration,dry,Safe,Safe,1.254,1.375
S0194,0.0,sudden_lead_braking,dry,Emergency,Emergency,37.002,60.778
S0194,0.2,sudden_lead_braking,dry,Emergency,Emergency,33.81,50.749
S0194,0.4,sudden_lead_braking,dry,Emergency,Emergency,30.757,53.139
S0194,0.6,sudden_lead_braking,dry,Emergency,Emergency,27.844,43.623
S0194,0.8,sudden_lead_braking,dry,Emergency,Emergency,25.071,41.108
S0194,1.0,sudden_lead_braking,dry,Emergency,Warning,22.436,36.014
S0194,1.2,sudden_lead_braking,dry,Emergency,Warning,19.941,36.589
S0194,1.4,sudden_lead_braking,dry,Emergency,Warning,17.584,29.350
S0194,1.6,sudden_lead_braking,dry,Emergency,Warning,15.367,25.872
S0194,1.8,sudden_lead_braking,dry,Emergency,Warning,13.289,28.131
S0194,2.0,sudden_lead_braking,dry,Warning,Safe,11.35,26.161
S0194,2.2,sudden_lead_braking,dry,Warning,Safe,9.551,24.132
S0194,2.4,sudden_lead_braking,dry,Warning,Safe,7.893,19.652
S0194,2.6,sudden_lead_braking,dry,Warning,Safe,6.375,14.705
S0194,2.8,sudden_lead_braking,dry,Safe,Safe,4.998,13.534
S0194,3.0,sudden_lead_braking,dry,Safe,Safe,5.022,10.016
S0194,3.2,sudden_lead_braking,dry,Safe,Safe,4.987,10.283
S0194,3.4,sudden_lead_braking,dry,Safe,Safe,5.001,14.007
S0194,3.6,sudden_lead_braking,dry,Safe,Safe,4.967,12.103
S0194,3.8,sudden_lead_braking,dry,Safe,Safe,4.926,13.014
S0194,4.0,sudden_lead_braking,dry,Safe,Safe,4.905,11.340
S0194,4.2,sudden_lead_braking,dry,Safe,Safe,4.917,14.548
S0194,4.4,sudden_lead_braking,dry,Safe,Safe,4.929,12.209
S0194,4.6,sudden_lead_braking,dry,Safe,Safe,4.895,9.102
S0194,4.8,sudden_lead_braking,dry,Safe,Safe,4.911,11.473
S0194,5.0,sudden_lead_braking,dry,Warning,Safe,4.95,12.289
S0194,5.2,sudden_lead_braking,dry,Safe,Safe,3.72,9.214
S0194,5.4,sudden_lead_braking,dry,Safe,Safe,3.681,7.962
S0194,5.6,sudden_lead_braking,dry,Safe,Safe,3.668,9.409
S0194,5.8,sudden_lead_braking,dry,Safe,Safe,3.634,8.738
S0194,6.0,sudden_lead_braking,dry,Safe,Safe,3.606,7.066
S0194,6.2,sudden_lead_braking,dry,Safe,Safe,3.583,8.988
S0194,6.4,sudden_lead_braking,dry,Safe,Safe,3.606,6.960
S0194,6.6,sudden_lead_braking,dry,Safe,Safe,3.612,8.886
S0194,6.8,sudden_lead_braking,dry,Safe,Safe,3.578,9.270
S0194,7.0,sudden_lead_braking,dry,Safe,Safe,3.561,9.654
S0194,7.2,sudden_lead_braking,dry,Warning,Safe,3.595,7.054
S0194,7.4,sudden_lead_braking,dry,Safe,Safe,2.523,8.859
S0194,7.6,sudden_lead_braking,dry,Safe,Safe,2.527,7.420
S0194,7.8,sudden_lead_braking,dry,Safe,Safe,2.503,6.801
S0194,8.0,sudden_lead_braking,dry,Safe,Safe,2.539,5.332
S0194,8.2,sudden_lead_braking,dry,Safe,Safe,2.524,7.362
S0194,8.4,sudden_lead_braking,dry,Safe,Safe,2.498,7.891
S0194,8.6,sudden_lead_braking,dry,Safe,Safe,2.503,6.422
S0194,8.8,sudden_lead_braking,dry,Safe,Safe,2.487,6.460
S0194,9.0,sudden_lead_braking,dry,Safe,Safe,2.459,5.984
S0194,9.2,sudden_lead_braking,dry,Safe,Safe,2.463,6.919
S0194,9.4,sudden_lead_braking,dry,Safe,Safe,2.485,7.661
S0194,9.6,sudden_lead_braking,dry,Safe,Safe,2.512,5.836
S0194,9.8,sudden_lead_braking,dry,Warning,Safe,2.499,6.723
S0194,10.0,sudden_lead_braking,dry,Safe,Safe,1.574,5.318
S0194,10.2,sudden_lead_braking,dry,Safe,Safe,1.57,4.051
S0194,10.4,sudden_lead_braking,dry,Safe,Safe,1.552,3.395
S0194,10.6,sudden_lead_braking,dry,Safe,Safe,1.532,3.547
S0194,10.8,sudden_lead_braking,dry,Safe,Safe,1.529,4.886
S0194,11.0,sudden_lead_braking,dry,Safe,Safe,1.544,3.864
S0194,11.2,sudden_lead_braking,dry,Safe,Safe,1.519,4.638
S0194,11.4,sudden_lead_braking,dry,Safe,Safe,1.538,4.482
S0194,11.6,sudden_lead_braking,dry,Safe,Safe,1.526,4.671
S0194,11.8,sudden_lead_braking,dry,Safe,Safe,1.514,5.306
S0194,12.0,sudden_lead_braking,dry,Safe,Safe,1.542,5.083
S0194,12.2,sudden_lead_braking,dry,Warning,Safe,1.531,4.173
S0194,12.4,sudden_lead_braking,dry,Safe,Safe,0.759,1.687
S0194,12.6,sudden_lead_braking,dry,Safe,Safe,0.757,2.956
S0194,12.8,sudden_lead_braking,dry,Safe,Safe,0.768,2.242
S0194,13.0,sudden_lead_braking,dry,Safe,Safe,0.77,3.012
S0194,13.2,sudden_lead_braking,dry,Safe,Safe,0.771,2.395
S0194,13.4,sudden_lead_braking,dry,Safe,Safe,0.762,2.525
S0194,13.6,sudden_lead_braking,dry,Safe,Safe,0.776,3.296
S0194,13.8,sudden_lead_braking,dry,Safe,Safe,0.8,2.464
S0194,14.0,sudden_lead_braking,dry,Safe,Safe,0.787,2.229
S0194,14.2,sudden_lead_braking,dry,Safe,Safe,0.807,2.026
S0194,14.4,sudden_lead_braking,dry,Safe,Safe,0.793,2.734
S0194,14.6,sudden_lead_braking,dry,Safe,Safe,0.779,1.800
S0194,14.8,sudden_lead_braking,dry,Safe,Safe,0.804,3.329
S0194,15.0,sudden_lead_braking,dry,Safe,Safe,0.828,1.869
S0194,15.2,sudden_lead_braking,dry,Safe,Safe,0.828,2.103
S0194,15.4,sudden_lead_braking,dry,Warning,Safe,0.844,3.148
S0194,15.6,sudden_lead_braking,dry,Safe,Safe,0.201,0.830
S0194,15.8,sudden_lead_braking,dry,Safe,Safe,0.206,0.875
S0287,0.0,high_speed_approach,dry,Safe,Emergency,74.315,94.027
S0287,0.2,high_speed_approach,dry,Safe,Emergency,74.433,99.680
S0287,0.4,high_speed_approach,dry,Safe,Emergency,74.436,114.228
S0287,0.6,high_speed_approach,dry,Safe,Emergency,74.307,95.174
S0287,0.8,high_speed_approach,dry,Safe,Emergency,74.345,99.529
S0287,1.0,high_speed_approach,dry,Safe,Emergency,74.497,107.664
S0287,1.2,high_speed_approach,dry,Safe,Emergency,74.391,107.873
S0287,1.4,high_speed_approach,dry,Safe,Emergency,74.431,101.994
S0287,1.6,high_speed_approach,dry,Safe,Emergency,74.609,100.409
S0287,1.8,high_speed_approach,dry,Safe,Emergency,74.513,110.184
S0287,2.0,high_speed_approach,dry,Safe,Emergency,74.419,79.500
S0287,2.2,high_speed_approach,dry,Safe,Emergency,74.594,108.023
S0287,2.4,high_speed_approach,dry,Safe,Emergency,74.683,105.923
S0287,2.6,high_speed_approach,dry,Safe,Emergency,74.512,126.178
S0287,2.8,high_speed_approach,dry,Safe,Emergency,74.423,107.368
S0287,3.0,high_speed_approach,dry,Safe,Emergency,74.3,101.356
S0287,3.2,high_speed_approach,dry,Safe,Emergency,74.246,115.665
S0287,3.4,high_speed_approach,dry,Safe,Emergency,74.4,108.652
S0287,3.6,high_speed_approach,dry,Safe,Emergency,74.515,111.390
S0287,3.8,high_speed_approach,dry,Safe,Emergency,74.37,105.401
S0287,4.0,high_speed_approach,dry,Safe,Emergency,74.352,114.922
S0287,4.2,high_speed_approach,dry,Safe,Emergency,74.453,109.803
S0287,4.4,high_speed_approach,dry,Safe,Emergency,74.493,93.394
S0287,4.6,high_speed_approach,dry,Safe,Emergency,74.627,91.228
S0287,4.8,high_speed_approach,dry,Safe,Emergency,74.671,97.099
S0287,5.0,high_speed_approach,dry,Safe,Emergency,74.722,100.803
S0287,5.2,high_speed_approach,dry,Safe,Emergency,74.619,100.171
S0287,5.4,high_speed_approach,dry,Safe,Emergency,74.487,82.066
S0287,5.6,high_speed_approach,dry,Safe,Emergency,74.384,90.656
S0287,5.8,high_speed_approach,dry,Safe,Emergency,74.308,118.857
S0287,6.0,high_speed_approach,dry,Warning,Emergency,74.3,90.912
S0287,6.2,high_speed_approach,dry,Safe,Emergency,69.394,81.777
S0287,6.4,high_speed_approach,dry,Safe,Emergency,69.481,94.697
S0287,6.6,high_speed_approach,dry,Safe,Emergency,69.471,80.706
S0287,6.8,high_speed_approach,dry,Safe,Emergency,69.488,101.059
S0287,7.0,high_speed_approach,dry,Warning,Emergency,69.437,90.162
S0287,7.2,high_speed_approach,dry,Safe,Emergency,64.703,97.525
S0287,7.4,high_speed_approach,dry,Safe,Emergency,64.814,99.027
S0287,7.6,high_speed_approach,dry,Safe,Emergency,64.745,83.180
S0287,7.8,high_speed_approach,dry,Safe,Emergency,64.72,76.232
S0287,8.0,high_speed_approach,dry,Warning,Emergency,64.701,89.814
S0287,8.2,high_speed_approach,dry,Safe,Emergency,60.139,82.509
S0287,8.4,high_speed_approach,dry,Safe,Emergency,60.165,77.360
S0287,8.6,high_speed_approach,dry,Safe,Emergency,60.178,76.797
S0287,8.8,high_speed_approach,dry,Safe,Emergency,60.304,89.680
S0287,9.0,high_speed_approach,dry,Safe,Emergency,60.273,73.178
S0287,9.2,high_speed_approach,dry,Warning,Emergency,60.414,74.326
S0287,9.4,high_speed_approach,dry,Safe,Emergency,56.011,75.490
S0287,9.6,high_speed_approach,dry,Safe,Emergency,56.051,94.495
S0287,9.8,high_speed_approach,dry,Safe,Emergency,56.191,72.809
S0287,10.0,high_speed_approach,dry,Safe,Emergency,56.054,74.319
S0287,10.2,high_speed_approach,dry,Warning,Emergency,56.139,92.233
S0287,10.4,high_speed_approach,dry,Safe,Emergency,51.901,70.706
S0287,10.6,high_speed_approach,dry,Safe,Emergency,51.933,53.281
S0287,10.8,high_speed_approach,dry,Safe,Emergency,52.081,79.576
S0287,11.0,high_speed_approach,dry,Safe,Emergency,52.228,84.453
S0287,11.2,high_speed_approach,dry,Warning,Emergency,52.081,77.713
S0287,11.4,high_speed_approach,dry,Safe,Emergency,48.003,78.282
S0287,11.6,high_speed_approach,dry,Safe,Emergency,48.096,74.481
S0287,11.8,high_speed_approach,dry,Safe,Emergency,48.042,73.731
S0287,12.0,high_speed_approach,dry,Safe,Emergency,47.96,83.339
S0287,12.2,high_speed_approach,dry,Safe,Emergency,48.024,67.755
S0287,12.4,high_speed_approach,dry,Safe,Emergency,48.074,73.376
S0287,12.6,high_speed_approach,dry,Safe,Emergency,48.097,80.861
S0287,12.8,high_speed_approach,dry,Safe,Emergency,48.129,65.503
S0287,13.0,high_speed_approach,dry,Safe,Emergency,48.077,66.772
S0287,13.2,high_speed_approach,dry,Safe,Emergency,48.207,58.102
S0287,13.4,high_speed_approach,dry,Safe,Emergency,48.084,50.706
S0287,13.6,high_speed_approach,dry,Safe,Emergency,48.099,61.250
S0287,13.8,high_speed_approach,dry,Warning,Emergency,47.983,66.585
S0287,14.0,high_speed_approach,dry,Warning,Emergency,44.074,69.607
S0287,14.2,high_speed_approach,dry,Safe,Emergency,40.329,57.353
S0287,14.4,high_speed_approach,dry,Safe,Emergency,40.233,63.286
S0287,14.6,high_speed_approach,dry,Safe,Emergency,40.189,54.208
S0287,14.8,high_speed_approach,dry,Safe,Emergency,40.321,61.326
S0287,15.0,high_speed_approach,dry,Safe,Emergency,40.357,66.004
S0287,15.2,high_speed_approach,dry,Safe,Emergency,40.305,56.917
S0287,15.4,high_speed_approach,dry,Safe,Emergency,40.313,54.201
S0287,15.6,high_speed_approach,dry,Safe,Emergency,40.344,53.731
S0287,15.8,high_speed_approach,dry,Safe,Emergency,40.26,52.983
S0293,0.0,gradual_lead_deceleration,dry,Emergency,Warning,29.826,27.824
S0293,0.2,gradual_lead_deceleration,dry,Emergency,Emergency,26.696,29.001
S0293,0.4,gradual_lead_deceleration,dry,Emergency,Emergency,23.738,27.324
S0293,0.6,gradual_lead_deceleration,dry,Emergency,Warning,20.951,21.796
S0293,0.8,gradual_lead_deceleration,dry,Warning,Warning,18.335,22.098
S0293,1.0,gradual_lead_deceleration,dry,Warning,Warning,15.89,18.483
S0293,1.2,gradual_lead_deceleration,dry,Safe,Warning,13.615,12.436
S0293,1.4,gradual_lead_deceleration,dry,Safe,Warning,13.611,18.461
S0293,1.6,gradual_lead_deceleration,dry,Safe,Warning,13.635,13.603
S0293,1.8,gradual_lead_deceleration,dry,Safe,Warning,13.655,15.630
S0293,2.0,gradual_lead_deceleration,dry,Safe,Warning,13.647,15.418
S0293,2.2,gradual_lead_deceleration,dry,Warning,Warning,13.677,13.198
S0293,2.4,gradual_lead_deceleration,dry,Safe,Warning,11.569,11.937
S0293,2.6,gradual_lead_deceleration,dry,Safe,Warning,11.57,12.962
S0293,2.8,gradual_lead_deceleration,dry,Safe,Warning,11.55,10.886
S0293,3.0,gradual_lead_deceleration,dry,Safe,Warning,11.54,14.740
S0293,3.2,gradual_lead_deceleration,dry,Warning,Warning,11.612,13.064
S0293,3.4,gradual_lead_deceleration,dry,Safe,Warning,9.671,13.343
S0293,3.6,gradual_lead_deceleration,dry,Safe,Warning,9.723,9.228
S0293,3.8,gradual_lead_deceleration,dry,Safe,Warning,9.663,12.610
S0293,4.0,gradual_lead_deceleration,dry,Warning,Warning,9.663,10.310
S0293,4.2,gradual_lead_deceleration,dry,Safe,Warning,7.895,11.238
S0293,4.4,gradual_lead_deceleration,dry,Safe,Warning,7.932,10.357
S0293,4.6,gradual_lead_deceleration,dry,Warning,Warning,7.942,7.320
S0293,4.8,gradual_lead_deceleration,dry,Safe,Warning,6.341,10.183
S0293,5.0,gradual_lead_deceleration,dry,Warning,Warning,6.367,11.694
S0293,5.2,gradual_lead_deceleration,dry,Warning,Warning,4.937,7.345
S0293,5.4,gradual_lead_deceleration,dry,Safe,Warning,3.681,5.736
S0293,5.6,gradual_lead_deceleration,dry,Safe,Warning,3.686,3.999
S0293,5.8,gradual_lead_deceleration,dry,Safe,Warning,3.698,3.926
S0293,6.0,gradual_lead_deceleration,dry,Warning,Warning,3.704,6.562
S0293,6.2,gradual_lead_deceleration,dry,Warning,Warning,2.619,5.302
S0293,6.4,gradual_lead_deceleration,dry,Safe,Warning,1.71,3.496
S0293,6.6,gradual_lead_deceleration,dry,Safe,Warning,1.732,3.790
S0293,6.8,gradual_lead_deceleration,dry,Safe,Safe,1.709,2.040
S0293,7.0,gradual_lead_deceleration,dry,Safe,Safe,1.7,2.690
S0293,7.2,gradual_lead_deceleration,dry,Safe,Safe,1.697,2.923
S0293,7.4,gradual_lead_deceleration,dry,Safe,Warning,1.706,3.663
S0293,7.6,gradual_lead_deceleration,dry,Safe,Safe,1.687,2.233
S0293,7.8,gradual_lead_deceleration,dry,Safe,Safe,1.689,2.876
S0293,8.0,gradual_lead_deceleration,dry,Safe,Safe,1.683,3.049
S0293,8.2,gradual_lead_deceleration,dry,Safe,Safe,1.666,3.413
S0293,8.4,gradual_lead_deceleration,dry,Safe,Safe,1.694,2.889
S0293,8.6,gradual_lead_deceleration,dry,Safe,Safe,1.716,1.736
S0293,8.8,gradual_lead_deceleration,dry,Warning,Safe,1.696,3.375
S0293,9.0,gradual_lead_deceleration,dry,Safe,Safe,0.968,1.564
S0293,9.2,gradual_lead_deceleration,dry,Safe,Safe,0.987,1.326
S0293,9.4,gradual_lead_deceleration,dry,Safe,Safe,0.973,1.954
S0293,9.6,gradual_lead_deceleration,dry,Safe,Safe,0.97,1.440
S0293,9.8,gradual_lead_deceleration,dry,Safe,Safe,0.982,2.302
S0293,10.0,gradual_lead_deceleration,dry,Safe,Safe,1.0,2.346
S0293,10.2,gradual_lead_deceleration,dry,Safe,Safe,1.008,2.707
S0293,10.4,gradual_lead_deceleration,dry,Safe,Safe,1.011,1.915
S0293,10.6,gradual_lead_deceleration,dry,Safe,Safe,1.028,1.196
S0293,10.8,gradual_lead_deceleration,dry,Safe,Safe,1.019,1.297
S0293,11.0,gradual_lead_deceleration,dry,Safe,Safe,0.995,2.498
S0293,11.2,gradual_lead_deceleration,dry,Warning,Safe,1.009,1.209
S0293,11.4,gradual_lead_deceleration,dry,Safe,Safe,0.447,1.413
S0293,11.6,gradual_lead_deceleration,dry,Safe,Safe,0.456,0.945
S0293,11.8,gradual_lead_deceleration,dry,Safe,Safe,0.451,0.508
S0293,12.0,gradual_lead_deceleration,dry,Safe,Safe,0.443,1.317
S0293,12.2,gradual_lead_deceleration,dry,Safe,Safe,0.449,0.450
S0293,12.4,gradual_lead_deceleration,dry,Safe,Safe,0.438,0.515
S0293,12.6,gradual_lead_deceleration,dry,Safe,Safe,0.441,1.504
S0293,12.8,gradual_lead_deceleration,dry,Safe,Safe,0.428,0.752
S0293,13.0,gradual_lead_deceleration,dry,Safe,Safe,0.415,0.960
S0293,13.2,gradual_lead_deceleration,dry,Safe,Safe,0.42,1.496
S0293,13.4,gradual_lead_deceleration,dry,Safe,Safe,0.406,0.555
S0293,13.6,gradual_lead_deceleration,dry,Safe,Safe,0.404,1.374
S0293,13.8,gradual_lead_deceleration,dry,Safe,Safe,0.393,0.369
S0293,14.0,gradual_lead_deceleration,dry,Safe,Safe,0.388,0.752
S0293,14.2,gradual_lead_deceleration,dry,Safe,Safe,0.379,0.638
S0293,14.4,gradual_lead_deceleration,dry,Safe,Safe,0.376,1.417
S0293,14.6,gradual_lead_deceleration,dry,Safe,Safe,0.369,0.864
S0293,14.8,gradual_lead_deceleration,dry,Safe,Safe,0.373,1.111
S0293,15.0,gradual_lead_deceleration,dry,Safe,Safe,0.387,0.773
S0293,15.2,gradual_lead_deceleration,dry,Safe,Safe,0.373,0.534
S0293,15.4,gradual_lead_deceleration,dry,Safe,Safe,0.368,0.794
S0293,15.6,gradual_lead_deceleration,dry,Safe,Safe,0.363,0.932
S0293,15.8,gradual_lead_deceleration,dry,Safe,Safe,0.374,0.486
S0172,0.0,stable_following,dry,Safe,Emergency,49.872,66.245
S0172,0.2,stable_following,dry,Safe,Emergency,49.744,83.319
S0172,0.4,stable_following,dry,Safe,Emergency,49.791,77.710
S0172,0.6,stable_following,dry,Safe,Emergency,49.739,70.142
S0172,0.8,stable_following,dry,Safe,Emergency,49.612,57.363
S0172,1.0,stable_following,dry,Safe,Emergency,49.501,80.836
S0172,1.2,stable_following,dry,Safe,Emergency,49.58,84.456
S0172,1.4,stable_following,dry,Safe,Emergency,49.683,90.857
S0172,1.6,stable_following,dry,Safe,Emergency,49.632,75.132
S0172,1.8,stable_following,dry,Safe,Emergency,49.572,75.082
S0172,2.0,stable_following,dry,Safe,Emergency,49.449,92.601
S0172,2.2,stable_following,dry,Safe,Emergency,49.465,74.427
S0172,2.4,stable_following,dry,Safe,Emergency,49.43,81.508
S0172,2.6,stable_following,dry,Safe,Emergency,49.384,64.790
S0172,2.8,stable_following,dry,Safe,Emergency,49.416,65.792
S0172,3.0,stable_following,dry,Safe,Emergency,49.363,75.743
S0172,3.2,stable_following,dry,Safe,Emergency,49.399,85.918
S0172,3.4,stable_following,dry,Safe,Emergency,49.466,69.344
S0172,3.6,stable_following,dry,Safe,Emergency,49.499,87.170
S0172,3.8,stable_following,dry,Safe,Emergency,49.378,76.750
S0172,4.0,stable_following,dry,Safe,Emergency,49.502,68.671
S0172,4.2,stable_following,dry,Safe,Emergency,49.572,83.143
S0172,4.4,stable_following,dry,Safe,Emergency,49.66,72.442
S0172,4.6,stable_following,dry,Safe,Emergency,49.703,90.420
S0172,4.8,stable_following,dry,Safe,Emergency,49.645,71.252
S0172,5.0,stable_following,dry,Safe,Emergency,49.561,80.186
S0172,5.2,stable_following,dry,Safe,Emergency,49.625,78.194
S0172,5.4,stable_following,dry,Safe,Emergency,49.551,70.734
S0172,5.6,stable_following,dry,Safe,Emergency,49.638,81.606
S0172,5.8,stable_following,dry,Safe,Emergency,49.504,71.189
S0172,6.0,stable_following,dry,Safe,Emergency,49.401,58.433
S0172,6.2,stable_following,dry,Safe,Emergency,49.309,74.689
S0172,6.4,stable_following,dry,Safe,Emergency,49.368,72.542
S0172,6.6,stable_following,dry,Safe,Emergency,49.299,72.748
S0172,6.8,stable_following,dry,Safe,Emergency,49.332,80.840
S0172,7.0,stable_following,dry,Safe,Emergency,49.237,69.669
S0172,7.2,stable_following,dry,Safe,Emergency,49.102,64.017
S0172,7.4,stable_following,dry,Safe,Emergency,49.232,79.480
S0172,7.6,stable_following,dry,Safe,Emergency,49.33,82.148
S0172,7.8,stable_following,dry,Safe,Emergency,49.445,77.048
S0172,8.0,stable_following,dry,Safe,Emergency,49.508,77.987
S0172,8.2,stable_following,dry,Safe,Emergency,49.374,74.330
S0172,8.4,stable_following,dry,Safe,Emergency,49.365,74.463
S0172,8.6,stable_following,dry,Safe,Emergency,49.304,68.765
S0172,8.8,stable_following,dry,Safe,Emergency,49.385,65.143
S0172,9.0,stable_following,dry,Safe,Emergency,49.324,70.204
S0172,9.2,stable_following,dry,Safe,Emergency,49.412,78.490
S0172,9.4,stable_following,dry,Safe,Emergency,49.298,83.885
S0172,9.6,stable_following,dry,Safe,Emergency,49.237,63.142
S0172,9.8,stable_following,dry,Safe,Emergency,49.204,86.991
S0172,10.0,stable_following,dry,Safe,Emergency,49.079,84.150
S0172,10.2,stable_following,dry,Safe,Emergency,49.156,63.900
S0172,10.4,stable_following,dry,Safe,Emergency,49.216,90.219
S0172,10.6,stable_following,dry,Safe,Emergency,49.145,82.683
S0172,10.8,stable_following,dry,Safe,Emergency,49.113,82.613
S0172,11.0,stable_following,dry,Safe,Emergency,49.004,72.696
S0172,11.2,stable_following,dry,Safe,Emergency,49.021,76.175
S0172,11.4,stable_following,dry,Safe,Emergency,49.044,75.571
S0172,11.6,stable_following,dry,Safe,Emergency,49.052,66.941
S0172,11.8,stable_following,dry,Safe,Emergency,49.051,79.959
S0172,12.0,stable_following,dry,Safe,Emergency,49.003,66.072
S0172,12.2,stable_following,dry,Safe,Emergency,49.092,76.420
S0172,12.4,stable_following,dry,Safe,Emergency,49.132,81.075
S0172,12.6,stable_following,dry,Safe,Emergency,49.192,74.693
S0172,12.8,stable_following,dry,Safe,Emergency,49.248,73.932
S0172,13.0,stable_following,dry,Safe,Emergency,49.161,64.317
S0172,13.2,stable_following,dry,Safe,Emergency,49.195,66.038
S0172,13.4,stable_following,dry,Safe,Emergency,49.094,78.384
S0172,13.6,stable_following,dry,Safe,Emergency,49.066,74.057
S0172,13.8,stable_following,dry,Safe,Emergency,48.973,67.525
S0172,14.0,stable_following,dry,Safe,Emergency,49.081,71.610
S0172,14.2,stable_following,dry,Safe,Emergency,49.159,80.540
S0172,14.4,stable_following,dry,Safe,Emergency,49.227,66.868
S0172,14.6,stable_following,dry,Safe,Emergency,49.154,76.276
S0172,14.8,stable_following,dry,Safe,Emergency,49.259,76.240
S0172,15.0,stable_following,dry,Safe,Emergency,49.22,78.040
S0172,15.2,stable_following,dry,Safe,Emergency,49.289,76.300
S0172,15.4,stable_following,dry,Safe,Emergency,49.321,71.726
S0172,15.6,stable_following,dry,Safe,Emergency,49.233,70.138
S0172,15.8,stable_following,dry,Safe,Emergency,49.224,84.916
S0110,0.0,sudden_lead_braking,wet_low_adhesion,Emergency,Emergency,107.307,105.570
S0110,0.2,sudden_lead_braking,wet_low_adhesion,Emergency,Emergency,102.381,105.997
S0110,0.4,sudden_lead_braking,wet_low_adhesion,Emergency,Emergency,97.576,99.877
S0110,0.6,sudden_lead_braking,wet_low_adhesion,Emergency,Emergency,92.892,108.709
S0110,0.8,sudden_lead_braking,wet_low_adhesion,Emergency,Emergency,88.329,100.557
S0110,1.0,sudden_lead_braking,wet_low_adhesion,Emergency,Emergency,83.888,96.126
S0110,1.2,sudden_lead_braking,wet_low_adhesion,Emergency,Emergency,79.57,88.275
S0110,1.4,sudden_lead_braking,wet_low_adhesion,Emergency,Emergency,75.373,104.488
S0110,1.6,sudden_lead_braking,wet_low_adhesion,Emergency,Emergency,71.297,91.911
S0110,1.8,sudden_lead_braking,wet_low_adhesion,Emergency,Emergency,67.344,69.252
S0110,2.0,sudden_lead_braking,wet_low_adhesion,Emergency,Emergency,63.511,74.528
S0110,2.2,sudden_lead_braking,wet_low_adhesion,Emergency,Emergency,59.798,69.554
S0110,2.4,sudden_lead_braking,wet_low_adhesion,Emergency,Emergency,56.206,63.793
S0110,2.6,sudden_lead_braking,wet_low_adhesion,Emergency,Emergency,52.731,52.604
S0110,2.8,sudden_lead_braking,wet_low_adhesion,Emergency,Emergency,49.375,61.505
S0110,3.0,sudden_lead_braking,wet_low_adhesion,Emergency,Emergency,46.135,59.484
S0110,3.2,sudden_lead_braking,wet_low_adhesion,Emergency,Emergency,43.012,57.436
S0110,3.4,sudden_lead_braking,wet_low_adhesion,Emergency,Emergency,40.003,40.243
S0110,3.6,sudden_lead_braking,wet_low_adhesion,Emergency,Emergency,37.108,43.522
S0110,3.8,sudden_lead_braking,wet_low_adhesion,Emergency,Emergency,34.326,32.720
S0110,4.0,sudden_lead_braking,wet_low_adhesion,Emergency,Emergency,31.656,41.161
S0110,4.2,sudden_lead_braking,wet_low_adhesion,Emergency,Emergency,29.097,37.395
S0110,4.4,sudden_lead_braking,wet_low_adhesion,Emergency,Emergency,26.648,38.281
S0110,4.6,sudden_lead_braking,wet_low_adhesion,Emergency,Emergency,24.309,43.710
S0110,4.8,sudden_lead_braking,wet_low_adhesion,Emergency,Emergency,22.078,28.721
S0110,5.0,sudden_lead_braking,wet_low_adhesion,Emergency,Emergency,19.955,25.778
S0110,5.2,sudden_lead_braking,wet_low_adhesion,Emergency,Emergency,17.94,26.060
S0110,5.4,sudden_lead_braking,wet_low_adhesion,Emergency,Emergency,16.031,30.933
S0110,5.6,sudden_lead_braking,wet_low_adhesion,Emergency,Emergency,14.229,24.105
S0110,5.8,sudden_lead_braking,wet_low_adhesion,Emergency,Warning,12.534,18.197
S0110,6.0,sudden_lead_braking,wet_low_adhesion,Emergency,Warning,10.944,17.247
S0110,6.2,sudden_lead_braking,wet_low_adhesion,Warning,Emergency,9.461,18.180
S0110,6.4,sudden_lead_braking,wet_low_adhesion,Warning,Emergency,8.083,16.835
S0110,6.6,sudden_lead_braking,wet_low_adhesion,Warning,Warning,6.811,13.059
S0110,6.8,sudden_lead_braking,wet_low_adhesion,Warning,Warning,5.646,11.131
S0110,7.0,sudden_lead_braking,wet_low_adhesion,Warning,Warning,4.587,8.683
S0110,7.2,sudden_lead_braking,wet_low_adhesion,Warning,Warning,3.634,6.782
S0110,7.4,sudden_lead_braking,wet_low_adhesion,Warning,Warning,2.789,7.574
S0110,7.6,sudden_lead_braking,wet_low_adhesion,Warning,Warning,2.052,6.409
S0110,7.8,sudden_lead_braking,wet_low_adhesion,Warning,Warning,1.422,3.343
S0110,8.0,sudden_lead_braking,wet_low_adhesion,Warning,Warning,0.902,4.022
S0110,8.2,sudden_lead_braking,wet_low_adhesion,Warning,Safe,0.492,2.002
S0110,8.4,sudden_lead_braking,wet_low_adhesion,Safe,Safe,0.192,2.258
S0110,8.6,sudden_lead_braking,wet_low_adhesion,Safe,Safe,0.197,0.588
S0110,8.8,sudden_lead_braking,wet_low_adhesion,Safe,Safe,0.203,0.966
S0110,9.0,sudden_lead_braking,wet_low_adhesion,Safe,Safe,0.189,1.395
S0110,9.2,sudden_lead_braking,wet_low_adhesion,Safe,Safe,0.198,0.918
S0110,9.4,sudden_lead_braking,wet_low_adhesion,Safe,Safe,0.192,0.580
S0110,9.6,sudden_lead_braking,wet_low_adhesion,Safe,Safe,0.197,0.795
S0110,9.8,sudden_lead_braking,wet_low_adhesion,Safe,Safe,0.196,0.715
S0110,10.0,sudden_lead_braking,wet_low_adhesion,Safe,Safe,0.191,1.262
S0110,10.2,sudden_lead_braking,wet_low_adhesion,Safe,Safe,0.178,0.555
S0110,10.4,sudden_lead_braking,wet_low_adhesion,Safe,Safe,0.189,0.850
S0110,10.6,sudden_lead_braking,wet_low_adhesion,Safe,Safe,0.193,0.598
S0110,10.8,sudden_lead_braking,wet_low_adhesion,Safe,Safe,0.196,0.886
S0110,11.0,sudden_lead_braking,wet_low_adhesion,Safe,Safe,0.21,1.225
S0110,11.2,sudden_lead_braking,wet_low_adhesion,Safe,Safe,0.204,1.002
S0110,11.4,sudden_lead_braking,wet_low_adhesion,Safe,Safe,0.196,1.398
S0110,11.6,sudden_lead_braking,wet_low_adhesion,Safe,Safe,0.188,1.225
S0110,11.8,sudden_lead_braking,wet_low_adhesion,Safe,Safe,0.185,1.184
S0110,12.0,sudden_lead_braking,wet_low_adhesion,Safe,Safe,0.189,0.821
S0110,12.2,sudden_lead_braking,wet_low_adhesion,Safe,Safe,0.192,0.758
S0110,12.4,sudden_lead_braking,wet_low_adhesion,Safe,Safe,0.201,0.813
S0110,12.6,sudden_lead_braking,wet_low_adhesion,Safe,Safe,0.191,0.670
S0110,12.8,sudden_lead_braking,wet_low_adhesion,Safe,Safe,0.182,0.714
S0110,13.0,sudden_lead_braking,wet_low_adhesion,Safe,Safe,0.173,0.550
S0110,13.2,sudden_lead_braking,wet_low_adhesion,Safe,Safe,0.172,0.687
S0110,13.4,sudden_lead_braking,wet_low_adhesion,Safe,Safe,0.159,0.595
S0110,13.6,sudden_lead_braking,wet_low_adhesion,Safe,Safe,0.171,0.770
S0110,13.8,sudden_lead_braking,wet_low_adhesion,Safe,Safe,0.183,0.872
S0110,14.0,sudden_lead_braking,wet_low_adhesion,Safe,Safe,0.189,0.488
S0110,14.2,sudden_lead_braking,wet_low_adhesion,Safe,Safe,0.176,0.699
S0110,14.4,sudden_lead_braking,wet_low_adhesion,Safe,Safe,0.182,0.766
S0110,14.6,sudden_lead_braking,wet_low_adhesion,Safe,Safe,0.183,0.548
S0110,14.8,sudden_lead_braking,wet_low_adhesion,Safe,Safe,0.169,0.955
S0110,15.0,sudden_lead_braking,wet_low_adhesion,Safe,Safe,0.156,0.964
S0110,15.2,sudden_lead_braking,wet_low_adhesion,Safe,Safe,0.16,0.437
S0110,15.4,sudden_lead_braking,wet_low_adhesion,Safe,Safe,0.164,0.532
S0110,15.6,sudden_lead_braking,wet_low_adhesion,Safe,Safe,0.172,0.761
S0110,15.8,sudden_lead_braking,wet_low_adhesion,Safe,Safe,0.167,1.134
S0079,0.0,high_speed_approach,dry,Safe,Emergency,108.808,143.292
S0079,0.2,high_speed_approach,dry,Safe,Emergency,108.726,146.041
S0079,0.4,high_speed_approach,dry,Safe,Emergency,108.831,136.260
S0079,0.6,high_speed_approach,dry,Safe,Emergency,108.803,129.905
S0079,0.8,high_speed_approach,dry,Safe,Emergency,108.723,143.473
S0079,1.0,high_speed_approach,dry,Safe,Emergency,108.69,137.073
S0079,1.2,high_speed_approach,dry,Safe,Emergency,108.865,133.031
S0079,1.4,high_speed_approach,dry,Safe,Emergency,109.06,139.983
S0079,1.6,high_speed_approach,dry,Safe,Emergency,109.238,107.116
S0079,1.8,high_speed_approach,dry,Safe,Emergency,109.08,139.620
S0079,2.0,high_speed_approach,dry,Safe,Emergency,109.187,152.771
S0079,2.2,high_speed_approach,dry,Safe,Emergency,109.223,134.797
S0079,2.4,high_speed_approach,dry,Safe,Emergency,109.266,153.982
S0079,2.6,high_speed_approach,dry,Safe,Emergency,109.468,161.899
S0079,2.8,high_speed_approach,dry,Safe,Emergency,109.253,143.035
S0079,3.0,high_speed_approach,dry,Safe,Emergency,109.217,124.173
S0079,3.2,high_speed_approach,dry,Safe,Emergency,109.008,125.346
S0079,3.4,high_speed_approach,dry,Safe,Emergency,108.846,131.274
S0079,3.6,high_speed_approach,dry,Safe,Emergency,108.93,144.049
S0079,3.8,high_speed_approach,dry,Safe,Emergency,108.843,155.646
S0079,4.0,high_speed_approach,dry,Safe,Emergency,108.78,158.878
S0079,4.2,high_speed_approach,dry,Safe,Emergency,108.874,142.261
S0079,4.4,high_speed_approach,dry,Safe,Emergency,108.936,130.754
S0079,4.6,high_speed_approach,dry,Warning,Emergency,108.734,143.119
S0079,4.8,high_speed_approach,dry,Safe,Emergency,102.795,147.732
S0079,5.0,high_speed_approach,dry,Safe,Emergency,102.785,137.430
S0079,5.2,high_speed_approach,dry,Safe,Emergency,102.797,126.670
S0079,5.4,high_speed_approach,dry,Safe,Emergency,102.787,125.035
S0079,5.6,high_speed_approach,dry,Warning,Emergency,102.66,133.178
S0079,5.8,high_speed_approach,dry,Safe,Emergency,96.903,111.315
S0079,6.0,high_speed_approach,dry,Safe,Emergency,96.996,125.657
S0079,6.2,high_speed_approach,dry,Safe,Emergency,96.855,132.637
S0079,6.4,high_speed_approach,dry,Safe,Emergency,97.013,135.795
S0079,6.6,high_speed_approach,dry,Safe,Emergency,97.055,131.443
S0079,6.8,high_speed_approach,dry,Warning,Emergency,97.212,147.930
S0079,7.0,high_speed_approach,dry,Safe,Emergency,91.623,125.916
S0079,7.2,high_speed_approach,dry,Safe,Emergency,91.448,123.134
S0079,7.4,high_speed_approach,dry,Safe,Emergency,91.596,121.194
S0079,7.6,high_speed_approach,dry,Safe,Emergency,91.663,117.841
S0079,7.8,high_speed_approach,dry,Safe,Emergency,91.853,112.259
S0079,8.0,high_speed_approach,dry,Warning,Emergency,91.822,117.312
S0079,8.2,high_speed_approach,dry,Safe,Emergency,86.402,105.174
S0079,8.4,high_speed_approach,dry,Safe,Emergency,86.395,97.669
S0079,8.6,high_speed_approach,dry,Safe,Emergency,86.41,88.991
S0079,8.8,high_speed_approach,dry,Safe,Emergency,86.523,124.245
S0079,9.0,high_speed_approach,dry,Safe,Emergency,86.693,102.199
S0079,9.2,high_speed_approach,dry,Safe,Emergency,86.603,102.208
S0079,9.4,high_speed_approach,dry,Warning,Emergency,86.606,116.578
S0079,9.6,high_speed_approach,dry,Safe,Emergency,81.353,109.253
S0079,9.8,high_speed_approach,dry,Safe,Emergency,81.501,80.476
S0079,10.0,high_speed_approach,dry,Safe,Emergency,81.352,110.673
S0079,10.2,high_speed_approach,dry,Safe,Emergency,81.463,95.946
S0079,10.4,high_speed_approach,dry,Safe,Emergency,81.544,103.530
S0079,10.6,high_speed_approach,dry,Warning,Emergency,81.45,103.828
S0079,10.8,high_speed_approach,dry,Safe,Emergency,76.366,103.576
S0079,11.0,high_speed_approach,dry,Safe,Emergency,76.264,94.378
S0079,11.2,high_speed_approach,dry,Safe,Emergency,76.183,76.861
S0079,11.4,high_speed_approach,dry,Safe,Emergency,76.213,110.794
S0079,11.6,high_speed_approach,dry,Safe,Emergency,76.136,118.269
S0079,11.8,high_speed_approach,dry,Safe,Emergency,75.967,88.655
S0079,12.0,high_speed_approach,dry,Safe,Emergency,75.828,98.559
S0079,12.2,high_speed_approach,dry,Safe,Emergency,75.668,91.236
S0079,12.4,high_speed_approach,dry,Safe,Emergency,75.768,94.430
S0079,12.6,high_speed_approach,dry,Warning,Emergency,75.703,93.081
S0079,12.8,high_speed_approach,dry,Warning,Emergency,70.812,96.011
S0079,13.0,high_speed_approach,dry,Safe,Emergency,66.091,98.332
S0079,13.2,high_speed_approach,dry,Safe,Emergency,66.042,75.019
S0079,13.4,high_speed_approach,dry,Safe,Emergency,66.161,88.731
S0079,13.6,high_speed_approach,dry,Safe,Emergency,66.31,93.648
S0079,13.8,high_speed_approach,dry,Safe,Emergency,66.194,79.535
S0079,14.0,high_speed_approach,dry,Safe,Emergency,66.156,86.871
S0079,14.2,high_speed_approach,dry,Safe,Emergency,66.215,79.050
S0079,14.4,high_speed_approach,dry,Safe,Emergency,66.185,83.756
S0079,14.6,high_speed_approach,dry,Safe,Emergency,66.234,81.991
S0079,14.8,high_speed_approach,dry,Safe,Emergency,66.233,92.047
S0079,15.0,high_speed_approach,dry,Safe,Emergency,66.203,91.633
S0079,15.2,high_speed_approach,dry,Safe,Emergency,66.094,85.518
S0079,15.4,high_speed_approach,dry,Safe,Emergency,65.926,93.505
S0079,15.6,high_speed_approach,dry,Safe,Emergency,66.04,86.468
S0079,15.8,high_speed_approach,dry,Safe,Emergency,66.001,101.690
S0277,0.0,gradual_lead_deceleration,dry,Warning,Emergency,67.666,74.868
S0277,0.2,gradual_lead_deceleration,dry,Warning,Emergency,62.356,77.579
S0277,0.4,gradual_lead_deceleration,dry,Safe,Emergency,57.273,63.839
S0277,0.6,gradual_lead_deceleration,dry,Safe,Warning,57.3,56.955
S0277,0.8,gradual_lead_deceleration,dry,Safe,Warning,57.273,57.149
S0277,1.0,gradual_lead_deceleration,dry,Safe,Emergency,57.113,57.300
S0277,1.2,gradual_lead_deceleration,dry,Safe,Emergency,57.176,58.481
S0277,1.4,gradual_lead_deceleration,dry,Safe,Emergency,57.342,56.916
S0277,1.6,gradual_lead_deceleration,dry,Warning,Warning,57.441,52.118
S0277,1.8,gradual_lead_deceleration,dry,Safe,Emergency,52.576,55.959
S0277,2.0,gradual_lead_deceleration,dry,Safe,Emergency,52.735,60.291
S0277,2.2,gradual_lead_deceleration,dry,Safe,Emergency,52.822,65.671
S0277,2.4,gradual_lead_deceleration,dry,Safe,Emergency,52.816,66.365
S0277,2.6,gradual_lead_deceleration,dry,Safe,Emergency,52.666,50.121
S0277,2.8,gradual_lead_deceleration,dry,Safe,Emergency,52.806,60.610
S0277,3.0,gradual_lead_deceleration,dry,Safe,Emergency,52.805,54.001
S0277,3.2,gradual_lead_deceleration,dry,Safe,Emergency,52.758,55.880
S0277,3.4,gradual_lead_deceleration,dry,Safe,Emergency,52.752,56.520
S0277,3.6,gradual_lead_deceleration,dry,Warning,Emergency,52.631,58.358
S0277,3.8,gradual_lead_deceleration,dry,Safe,Emergency,47.987,62.831
S0277,4.0,gradual_lead_deceleration,dry,Safe,Emergency,47.976,54.020
S0277,4.2,gradual_lead_deceleration,dry,Safe,Emergency,47.961,47.853
S0277,4.4,gradual_lead_deceleration,dry,Safe,Emergency,47.808,74.448
S0277,4.6,gradual_lead_deceleration,dry,Safe,Emergency,47.646,50.197
S0277,4.8,gradual_lead_deceleration,dry,Safe,Emergency,47.642,47.120
S0277,5.0,gradual_lead_deceleration,dry,Warning,Emergency,47.616,45.533
S0277,5.2,gradual_lead_deceleration,dry,Safe,Emergency,43.21,48.414
S0277,5.4,gradual_lead_deceleration,dry,Safe,Emergency,43.32,50.439
S0277,5.6,gradual_lead_deceleration,dry,Safe,Emergency,43.38,55.105
S0277,5.8,gradual_lead_deceleration,dry,Safe,Emergency,43.321,50.599
S0277,6.0,gradual_lead_deceleration,dry,Warning,Emergency,43.182,48.502
S0277,6.2,gradual_lead_deceleration,dry,Safe,Emergency,38.994,49.712
S0277,6.4,gradual_lead_deceleration,dry,Safe,Emergency,39.053,44.395
S0277,6.6,gradual_lead_deceleration,dry,Safe,Emergency,39.159,47.197
S0277,6.8,gradual_lead_deceleration,dry,Warning,Emergency,39.116,42.637
S0277,7.0,gradual_lead_deceleration,dry,Safe,Emergency,35.138,44.056
S0277,7.2,gradual_lead_deceleration,dry,Safe,Emergency,35.173,39.162
S0277,7.4,gradual_lead_deceleration,dry,Safe,Emergency,35.266,38.451
S0277,7.6,gradual_lead_deceleration,dry,Warning,Emergency,35.2,44.506
S0277,7.8,gradual_lead_deceleration,dry,Safe,Emergency,31.432,42.838
S0277,8.0,gradual_lead_deceleration,dry,Safe,Emergency,31.546,29.891
S0277,8.2,gradual_lead_deceleration,dry,Safe,Emergency,31.491,35.868
S0277,8.4,gradual_lead_deceleration,dry,Warning,Emergency,31.6,38.063
S0277,8.6,gradual_lead_deceleration,dry,Safe,Emergency,28.034,41.381
S0277,8.8,gradual_lead_deceleration,dry,Safe,Emergency,27.977,36.358
S0277,9.0,gradual_lead_deceleration,dry,Safe,Emergency,27.92,35.004
S0277,9.2,gradual_lead_deceleration,dry,Safe,Emergency,27.846,27.226
S0277,9.4,gradual_lead_deceleration,dry,Safe,Emergency,27.758,29.074
S0277,9.6,gradual_lead_deceleration,dry,Warning,Emergency,27.787,32.537
S0277,9.8,gradual_lead_deceleration,dry,Safe,Emergency,24.446,31.716
S0277,10.0,gradual_lead_deceleration,dry,Safe,Emergency,24.49,31.455
S0277,10.2,gradual_lead_deceleration,dry,Safe,Emergency,24.58,33.039
S0277,10.4,gradual_lead_deceleration,dry,Safe,Emergency,24.566,23.559
S0277,10.6,gradual_lead_deceleration,dry,Warning,Emergency,24.588,30.567
S0277,10.8,gradual_lead_deceleration,dry,Safe,Emergency,21.447,28.641
S0277,11.0,gradual_lead_deceleration,dry,Safe,Emergency,21.465,30.474
S0277,11.2,gradual_lead_deceleration,dry,Safe,Emergency,21.364,23.226
S0277,11.4,gradual_lead_deceleration,dry,Safe,Emergency,21.402,26.479
S0277,11.6,gradual_lead_deceleration,dry,Warning,Emergency,21.377,23.621
S0277,11.8,gradual_lead_deceleration,dry,Safe,Emergency,18.45,26.997
S0277,12.0,gradual_lead_deceleration,dry,Safe,Emergency,18.385,25.958
S0277,12.2,gradual_lead_deceleration,dry,Safe,Emergency,18.452,22.950
S0277,12.4,gradual_lead_deceleration,dry,Safe,Emergency,18.508,26.056
S0277,12.6,gradual_lead_deceleration,dry,Warning,Emergency,18.608,25.568
S0277,12.8,gradual_lead_deceleration,dry,Safe,Emergency,15.876,24.899
S0277,13.0,gradual_lead_deceleration,dry,Safe,Emergency,15.91,23.081
S0277,13.2,gradual_lead_deceleration,dry,Safe,Emergency,15.895,21.351
S0277,13.4,gradual_lead_deceleration,dry,Warning,Emergency,15.884,20.512
S0277,13.6,gradual_lead_deceleration,dry,Safe,Emergency,13.359,21.048
S0277,13.8,gradual_lead_deceleration,dry,Safe,Emergency,13.418,21.303
S0277,14.0,gradual_lead_deceleration,dry,Safe,Emergency,13.444,19.949
S0277,14.2,gradual_lead_deceleration,dry,Safe,Emergency,13.382,16.497
S0277,14.4,gradual_lead_deceleration,dry,Warning,Emergency,13.382,15.818
S0277,14.6,gradual_lead_deceleration,dry,Safe,Emergency,11.062,16.664
S0277,14.8,gradual_lead_deceleration,dry,Safe,Emergency,11.138,17.102
S0277,15.0,gradual_lead_deceleration,dry,Safe,Emergency,11.141,19.340
S0277,15.2,gradual_lead_deceleration,dry,Warning,Emergency,11.214,13.878
S0277,15.4,gradual_lead_deceleration,dry,Safe,Emergency,9.087,15.501
S0277,15.6,gradual_lead_deceleration,dry,Safe,Emergency,9.154,13.797
S0277,15.8,gradual_lead_deceleration,dry,Warning,Emergency,9.089,12.993
S0174,0.0,sudden_lead_braking,dry,Emergency,Emergency,51.956,88.650
S0174,0.2,sudden_lead_braking,dry,Emergency,Emergency,48.113,79.906
S0174,0.4,sudden_lead_braking,dry,Emergency,Emergency,44.419,69.033
S0174,0.6,sudden_lead_braking,dry,Emergency,Emergency,40.873,78.716
S0174,0.8,sudden_lead_braking,dry,Emergency,Emergency,37.473,69.732
S0174,1.0,sudden_lead_braking,dry,Warning,Emergency,34.22,68.055
S0174,1.2,sudden_lead_braking,dry,Warning,Warning,31.113,60.601
S0174,1.4,sudden_lead_braking,dry,Warning,Warning,28.152,58.596
S0174,1.6,sudden_lead_braking,dry,Warning,Safe,25.336,37.113
S0174,1.8,sudden_lead_braking,dry,Warning,Safe,22.665,42.616
S0174,2.0,sudden_lead_braking,dry,Warning,Safe,20.139,38.041
S0174,2.2,sudden_lead_braking,dry,Warning,Safe,17.759,32.216
S0174,2.4,sudden_lead_braking,dry,Safe,Safe,15.524,26.292
S0174,2.6,sudden_lead_braking,dry,Safe,Safe,15.451,30.383
S0174,2.8,sudden_lead_braking,dry,Safe,Safe,15.512,30.111
S0174,3.0,sudden_lead_braking,dry,Safe,Safe,15.548,32.228
S0174,3.2,sudden_lead_braking,dry,Safe,Safe,15.625,33.498
S0174,3.4,sudden_lead_braking,dry,Warning,Safe,15.549,34.448
S0174,3.6,sudden_lead_braking,dry,Warning,Safe,13.457,22.924
S0174,3.8,sudden_lead_braking,dry,Warning,Safe,11.511,27.055
S0174,4.0,sudden_lead_braking,dry,Safe,Safe,9.71,26.645
S0174,4.2,sudden_lead_braking,dry,Safe,Safe,9.672,20.327
S0174,4.4,sudden_lead_braking,dry,Warning,Safe,9.701,22.106
S0174,4.6,sudden_lead_braking,dry,Safe,Safe,8.048,22.245
S0174,4.8,sudden_lead_braking,dry,Safe,Safe,8.094,22.589
S0174,5.0,sudden_lead_braking,dry,Safe,Safe,8.138,17.322
S0174,5.2,sudden_lead_braking,dry,Safe,Safe,8.163,17.579
S0174,5.4,sudden_lead_braking,dry,Warning,Safe,8.2,21.811
S0174,5.6,sudden_lead_braking,dry,Safe,Safe,6.679,16.436
S0174,5.8,sudden_lead_braking,dry,Safe,Safe,6.713,18.104
S0174,6.0,sudden_lead_braking,dry,Safe,Safe,6.728,16.390
S0174,6.2,sudden_lead_braking,dry,Safe,Safe,6.776,19.070
S0174,6.4,sudden_lead_braking,dry,Safe,Safe,6.782,18.188
S0174,6.6,sudden_lead_braking,dry,Safe,Safe,6.75,19.690
S0174,6.8,sudden_lead_braking,dry,Safe,Safe,6.782,17.241
S0174,7.0,sudden_lead_braking,dry,Safe,Safe,6.817,15.968
S0174,7.2,sudden_lead_braking,dry,Safe,Safe,6.816,18.188
S0174,7.4,sudden_lead_braking,dry,Safe,Safe,6.799,16.450
S0174,7.6,sudden_lead_braking,dry,Safe,Safe,6.769,16.095
S0174,7.8,sudden_lead_braking,dry,Safe,Safe,6.742,16.459
S0174,8.0,sudden_lead_braking,dry,Safe,Safe,6.724,16.734
S0174,8.2,sudden_lead_braking,dry,Safe,Safe,6.759,18.909
S0174,8.4,sudden_lead_braking,dry,Warning,Safe,6.759,19.431
S0174,8.6,sudden_lead_braking,dry,Safe,Safe,5.377,15.052
S0174,8.8,sudden_lead_braking,dry,Safe,Safe,5.357,17.341
S0174,9.0,sudden_lead_braking,dry,Safe,Safe,5.374,13.807
S0174,9.2,sudden_lead_braking,dry,Safe,Safe,5.35,14.115
S0174,9.4,sudden_lead_braking,dry,Safe,Safe,5.341,14.456
S0174,9.6,sudden_lead_braking,dry,Safe,Safe,5.375,15.007
S0174,9.8,sudden_lead_braking,dry,Safe,Safe,5.351,13.492
S0174,10.0,sudden_lead_braking,dry,Safe,Safe,5.329,13.233
S0174,10.2,sudden_lead_braking,dry,Safe,Safe,5.3,11.557
S0174,10.4,sudden_lead_braking,dry,Safe,Safe,5.339,13.791
S0174,10.6,sudden_lead_braking,dry,Safe,Safe,5.378,14.510
S0174,10.8,sudden_lead_braking,dry,Safe,Safe,5.385,16.551
S0174,11.0,sudden_lead_braking,dry,Safe,Safe,5.37,14.170
S0174,11.2,sudden_lead_braking,dry,Safe,Safe,5.364,14.918
S0174,11.4,sudden_lead_braking,dry,Safe,Safe,5.338,19.095
S0174,11.6,sudden_lead_braking,dry,Safe,Safe,5.348,12.794
S0174,11.8,sudden_lead_braking,dry,Safe,Safe,5.371,14.995
S0174,12.0,sudden_lead_braking,dry,Safe,Safe,5.346,12.244
S0174,12.2,sudden_lead_braking,dry,Safe,Safe,5.376,14.000
S0174,12.4,sudden_lead_braking,dry,Safe,Safe,5.398,12.953
S0174,12.6,sudden_lead_braking,dry,Safe,Safe,5.438,13.959
S0174,12.8,sudden_lead_braking,dry,Safe,Safe,5.433,13.782
S0174,13.0,sudden_lead_braking,dry,Safe,Safe,5.425,12.679
S0174,13.2,sudden_lead_braking,dry,Safe,Safe,5.454,17.744
S0174,13.4,sudden_lead_braking,dry,Warning,Safe,5.495,15.079
S0174,13.6,sudden_lead_braking,dry,Safe,Safe,4.248,12.812
S0174,13.8,sudden_lead_braking,dry,Safe,Safe,4.226,13.042
S0174,14.0,sudden_lead_braking,dry,Safe,Safe,4.214,9.825
S0174,14.2,sudden_lead_braking,dry,Safe,Safe,4.243,13.857
S0174,14.4,sudden_lead_braking,dry,Safe,Safe,4.251,11.514
S0174,14.6,sudden_lead_braking,dry,Safe,Safe,4.235,11.419
S0174,14.8,sudden_lead_braking,dry,Safe,Safe,4.27,14.073
S0174,15.0,sudden_lead_braking,dry,Safe,Safe,4.274,11.149
S0174,15.2,sudden_lead_braking,dry,Safe,Safe,4.295,13.764
S0174,15.4,sudden_lead_braking,dry,Safe,Safe,4.301,13.767
S0174,15.6,sudden_lead_braking,dry,Safe,Safe,4.259,15.762
S0174,15.8,sudden_lead_braking,dry,Safe,Safe,4.232,11.685
S0290,0.0,sudden_lead_braking,wet_low_adhesion,Emergency,Emergency,63.074,111.943
S0290,0.2,sudden_lead_braking,wet_low_adhesion,Emergency,Emergency,58.57,97.953
S0290,0.4,sudden_lead_braking,wet_low_adhesion,Emergency,Emergency,54.239,96.089
S0290,0.6,sudden_lead_braking,wet_low_adhesion,Emergency,Emergency,50.08,88.073
S0290,0.8,sudden_lead_braking,wet_low_adhesion,Emergency,Emergency,46.091,78.121
S0290,1.0,sudden_lead_braking,wet_low_adhesion,Emergency,Emergency,42.271,84.122
S0290,1.2,sudden_lead_braking,wet_low_adhesion,Emergency,Emergency,38.619,75.621
S0290,1.4,sudden_lead_braking,wet_low_adhesion,Emergency,Emergency,35.133,55.120
S0290,1.6,sudden_lead_braking,wet_low_adhesion,Emergency,Emergency,31.812,61.180
S0290,1.8,sudden_lead_braking,wet_low_adhesion,Emergency,Emergency,28.656,57.185
S0290,2.0,sudden_lead_braking,wet_low_adhesion,Emergency,Warning,25.662,43.860
S0290,2.2,sudden_lead_braking,wet_low_adhesion,Emergency,Warning,22.832,40.683
S0290,2.4,sudden_lead_braking,wet_low_adhesion,Warning,Warning,20.163,40.551
S0290,2.6,sudden_lead_braking,wet_low_adhesion,Warning,Warning,17.656,38.874
S0290,2.8,sudden_lead_braking,wet_low_adhesion,Warning,Safe,15.31,30.788
S0290,3.0,sudden_lead_braking,wet_low_adhesion,Warning,Safe,13.125,28.313
S0290,3.2,sudden_lead_braking,wet_low_adhesion,Warning,Safe,11.101,29.570
S0290,3.4,sudden_lead_braking,wet_low_adhesion,Warning,Safe,9.238,23.003
S0290,3.6,sudden_lead_braking,wet_low_adhesion,Safe,Safe,7.537,18.939
S0290,3.8,sudden_lead_braking,wet_low_adhesion,Safe,Safe,7.515,18.557
S0290,4.0,sudden_lead_braking,wet_low_adhesion,Safe,Safe,7.551,16.357
S0290,4.2,sudden_lead_braking,wet_low_adhesion,Warning,Safe,7.599,18.043
S0290,4.4,sudden_lead_braking,wet_low_adhesion,Safe,Safe,6.054,14.683
S0290,4.6,sudden_lead_braking,wet_low_adhesion,Safe,Safe,6.094,12.801
S0290,4.8,sudden_lead_braking,wet_low_adhesion,Safe,Safe,6.083,13.868
S0290,5.0,sudden_lead_braking,wet_low_adhesion,Safe,Safe,6.115,14.700
S0290,5.2,sudden_lead_braking,wet_low_adhesion,Safe,Safe,6.055,15.543
S0290,5.4,sudden_lead_braking,wet_low_adhesion,Safe,Safe,6.098,13.708
S0290,5.6,sudden_lead_braking,wet_low_adhesion,Safe,Safe,6.086,13.001
S0290,5.8,sudden_lead_braking,wet_low_adhesion,Warning,Safe,6.099,14.258
S0290,6.0,sudden_lead_braking,wet_low_adhesion,Safe,Safe,4.711,13.264
S0290,6.2,sudden_lead_braking,wet_low_adhesion,Safe,Safe,4.694,12.278
S0290,6.4,sudden_lead_braking,wet_low_adhesion,Safe,Safe,4.727,12.103
S0290,6.6,sudden_lead_braking,wet_low_adhesion,Safe,Safe,4.694,13.724
S0290,6.8,sudden_lead_braking,wet_low_adhesion,Safe,Safe,4.734,7.820
S0290,7.0,sudden_lead_braking,wet_low_adhesion,Safe,Safe,4.724,10.491
S0290,7.2,sudden_lead_braking,wet_low_adhesion,Safe,Safe,4.679,9.876
S0290,7.4,sudden_lead_braking,wet_low_adhesion,Safe,Safe,4.656,11.532
S0290,7.6,sudden_lead_braking,wet_low_adhesion,Safe,Safe,4.706,10.544
S0290,7.8,sudden_lead_braking,wet_low_adhesion,Safe,Safe,4.685,11.827
S0290,8.0,sudden_lead_braking,wet_low_adhesion,Warning,Safe,4.728,9.315
S0290,8.2,sudden_lead_braking,wet_low_adhesion,Safe,Safe,3.501,11.546
S0290,8.4,sudden_lead_braking,wet_low_adhesion,Safe,Safe,3.467,9.742
S0290,8.6,sudden_lead_braking,wet_low_adhesion,Safe,Safe,3.471,10.422
S0290,8.8,sudden_lead_braking,wet_low_adhesion,Safe,Safe,3.494,8.098
S0290,9.0,sudden_lead_braking,wet_low_adhesion,Safe,Safe,3.474,8.594
S0290,9.2,sudden_lead_braking,wet_low_adhesion,Safe,Safe,3.521,9.203
S0290,9.4,sudden_lead_braking,wet_low_adhesion,Safe,Safe,3.526,6.795
S0290,9.6,sudden_lead_braking,wet_low_adhesion,Safe,Safe,3.519,8.231
S0290,9.8,sudden_lead_braking,wet_low_adhesion,Safe,Safe,3.472,9.433
S0290,10.0,sudden_lead_braking,wet_low_adhesion,Safe,Safe,3.49,9.414
S0290,10.2,sudden_lead_braking,wet_low_adhesion,Safe,Safe,3.45,9.611
S0290,10.4,sudden_lead_braking,wet_low_adhesion,Safe,Safe,3.497,8.374
S0290,10.6,sudden_lead_braking,wet_low_adhesion,Safe,Safe,3.485,9.385
S0290,10.8,sudden_lead_braking,wet_low_adhesion,Warning,Safe,3.501,9.475
S0290,11.0,sudden_lead_braking,wet_low_adhesion,Safe,Safe,2.438,7.523
S0290,11.2,sudden_lead_braking,wet_low_adhesion,Safe,Safe,2.407,5.516
S0290,11.4,sudden_lead_braking,wet_low_adhesion,Safe,Safe,2.386,6.792
S0290,11.6,sudden_lead_braking,wet_low_adhesion,Safe,Safe,2.391,6.978
S0290,11.8,sudden_lead_braking,wet_low_adhesion,Safe,Safe,2.425,7.093
S0290,12.0,sudden_lead_braking,wet_low_adhesion,Safe,Safe,2.459,7.522
S0290,12.2,sudden_lead_braking,wet_low_adhesion,Safe,Safe,2.436,7.639
S0290,12.4,sudden_lead_braking,wet_low_adhesion,Safe,Safe,2.448,5.683
S0290,12.6,sudden_lead_braking,wet_low_adhesion,Safe,Safe,2.41,7.685
S0290,12.8,sudden_lead_braking,wet_low_adhesion,Safe,Safe,2.388,6.487
S0290,13.0,sudden_lead_braking,wet_low_adhesion,Safe,Safe,2.402,6.724
S0290,13.2,sudden_lead_braking,wet_low_adhesion,Safe,Safe,2.39,7.150
S0290,13.4,sudden_lead_braking,wet_low_adhesion,Safe,Safe,2.37,6.446
S0290,13.6,sudden_lead_braking,wet_low_adhesion,Safe,Safe,2.406,5.515
S0290,13.8,sudden_lead_braking,wet_low_adhesion,Safe,Safe,2.377,6.362
S0290,14.0,sudden_lead_braking,wet_low_adhesion,Safe,Safe,2.37,7.578
S0290,14.2,sudden_lead_braking,wet_low_adhesion,Safe,Safe,2.342,7.371
S0290,14.4,sudden_lead_braking,wet_low_adhesion,Safe,Safe,2.309,5.344
S0290,14.6,sudden_lead_braking,wet_low_adhesion,Safe,Safe,2.322,6.161
S0290,14.8,sudden_lead_braking,wet_low_adhesion,Safe,Safe,2.308,6.583
S0290,15.0,sudden_lead_braking,wet_low_adhesion,Safe,Safe,2.305,5.317
S0290,15.2,sudden_lead_braking,wet_low_adhesion,Safe,Safe,2.29,7.355
S0290,15.4,sudden_lead_braking,wet_low_adhesion,Safe,Safe,2.267,5.484
S0290,15.6,sudden_lead_braking,wet_low_adhesion,Safe,Safe,2.28,6.640
S0290,15.8,sudden_lead_braking,wet_low_adhesion,Safe,Safe,2.26,5.071
S0081,0.0,gradual_lead_deceleration,dry,Warning,Emergency,36.58,56.561
S0081,0.2,gradual_lead_deceleration,dry,Warning,Emergency,32.665,57.862
S0081,0.4,gradual_lead_deceleration,dry,Warning,Emergency,28.971,44.722
S0081,0.6,gradual_lead_deceleration,dry,Safe,Emergency,25.499,40.028
S0081,0.8,gradual_lead_deceleration,dry,Safe,Emergency,25.414,39.929
S0081,1.0,gradual_lead_deceleration,dry,Safe,Emergency,25.328,47.133
S0081,1.2,gradual_lead_deceleration,dry,Safe,Emergency,25.358,40.558
S0081,1.4,gradual_lead_deceleration,dry,Safe,Emergency,25.312,41.360
S0081,1.6,gradual_lead_deceleration,dry,Safe,Emergency,25.244,44.084
S0081,1.8,gradual_lead_deceleration,dry,Safe,Emergency,25.261,43.409
S0081,2.0,gradual_lead_deceleration,dry,Safe,Emergency,25.149,42.944
S0081,2.2,gradual_lead_deceleration,dry,Warning,Emergency,25.064,38.675
S0081,2.4,gradual_lead_deceleration,dry,Safe,Emergency,21.839,40.091
S0081,2.6,gradual_lead_deceleration,dry,Safe,Emergency,21.876,34.062
S0081,2.8,gradual_lead_deceleration,dry,Safe,Emergency,21.948,33.645
S0081,3.0,gradual_lead_deceleration,dry,Safe,Emergency,21.974,35.195
S0081,3.2,gradual_lead_deceleration,dry,Safe,Emergency,22.038,39.240
S0081,3.4,gradual_lead_deceleration,dry,Safe,Emergency,21.965,37.400
S0081,3.6,gradual_lead_deceleration,dry,Safe,Emergency,22.036,32.998
S0081,3.8,gradual_lead_deceleration,dry,Warning,Emergency,22.117,35.896
S0081,4.0,gradual_lead_deceleration,dry,Safe,Emergency,19.09,33.843
S0081,4.2,gradual_lead_deceleration,dry,Safe,Emergency,19.127,30.235
S0081,4.4,gradual_lead_deceleration,dry,Safe,Emergency,19.136,30.093
S0081,4.6,gradual_lead_deceleration,dry,Safe,Emergency,19.094,35.987
S0081,4.8,gradual_lead_deceleration,dry,Safe,Emergency,19.168,31.158
S0081,5.0,gradual_lead_deceleration,dry,Warning,Emergency,19.215,38.014
S0081,5.2,gradual_lead_deceleration,dry,Safe,Emergency,16.396,34.445
S0081,5.4,gradual_lead_deceleration,dry,Safe,Emergency,16.48,28.088
S0081,5.6,gradual_lead_deceleration,dry,Safe,Emergency,16.414,34.306
S0081,5.8,gradual_lead_deceleration,dry,Warning,Emergency,16.368,30.603
S0081,6.0,gradual_lead_deceleration,dry,Safe,Emergency,13.768,26.046
S0081,6.2,gradual_lead_deceleration,dry,Safe,Emergency,13.706,25.816
S0081,6.4,gradual_lead_deceleration,dry,Safe,Emergency,13.762,29.319
S0081,6.6,gradual_lead_deceleration,dry,Warning,Emergency,13.726,27.420
S0081,6.8,gradual_lead_deceleration,dry,Safe,Emergency,11.346,25.796
S0081,7.0,gradual_lead_deceleration,dry,Safe,Emergency,11.351,19.336
S0081,7.2,gradual_lead_deceleration,dry,Safe,Emergency,11.399,20.393
S0081,7.4,gradual_lead_deceleration,dry,Warning,Emergency,11.338,21.357
S0081,7.6,gradual_lead_deceleration,dry,Safe,Emergency,9.176,22.258
S0081,7.8,gradual_lead_deceleration,dry,Safe,Emergency,9.148,19.500
S0081,8.0,gradual_lead_deceleration,dry,Safe,Emergency,9.116,15.181
S0081,8.2,gradual_lead_deceleration,dry,Warning,Emergency,9.067,17.588
S0081,8.4,gradual_lead_deceleration,dry,Warning,Emergency,7.134,13.573
S0081,8.6,gradual_lead_deceleration,dry,Warning,Emergency,5.419,14.927
S0081,8.8,gradual_lead_deceleration,dry,Warning,Warning,3.923,10.049
S0081,9.0,gradual_lead_deceleration,dry,Safe,Warning,2.648,7.321
S0081,9.2,gradual_lead_deceleration,dry,Warning,Warning,2.658,8.174
S0081,9.4,gradual_lead_deceleration,dry,Safe,Warning,1.603,5.993
S0081,9.6,gradual_lead_deceleration,dry,Safe,Warning,1.598,3.707
S0081,9.8,gradual_lead_deceleration,dry,Safe,Warning,1.602,4.934
S0081,10.0,gradual_lead_deceleration,dry,Safe,Warning,1.57,5.049
S0081,10.2,gradual_lead_deceleration,dry,Safe,Warning,1.568,4.666
S0081,10.4,gradual_lead_deceleration,dry,Safe,Warning,1.573,3.844
S0081,10.6,gradual_lead_deceleration,dry,Safe,Warning,1.553,5.486
S0081,10.8,gradual_lead_deceleration,dry,Safe,Warning,1.577,4.826
S0081,11.0,gradual_lead_deceleration,dry,Safe,Warning,1.572,5.822
S0081,11.2,gradual_lead_deceleration,dry,Safe,Warning,1.596,5.316
S0081,11.4,gradual_lead_deceleration,dry,Warning,Safe,1.595,4.244
S0081,11.6,gradual_lead_deceleration,dry,Safe,Safe,0.766,2.609
S0081,11.8,gradual_lead_deceleration,dry,Safe,Safe,0.749,2.946
S0081,12.0,gradual_lead_deceleration,dry,Safe,Safe,0.746,3.267
S0081,12.2,gradual_lead_deceleration,dry,Safe,Safe,0.758,2.948
S0081,12.4,gradual_lead_deceleration,dry,Safe,Safe,0.761,2.601
S0081,12.6,gradual_lead_deceleration,dry,Safe,Safe,0.741,3.311
S0081,12.8,gradual_lead_deceleration,dry,Safe,Safe,0.767,2.172
S0081,13.0,gradual_lead_deceleration,dry,Safe,Safe,0.785,2.948
S0081,13.2,gradual_lead_deceleration,dry,Safe,Safe,0.771,2.343
S0081,13.4,gradual_lead_deceleration,dry,Safe,Safe,0.789,2.424
S0081,13.6,gradual_lead_deceleration,dry,Safe,Safe,0.797,3.286
S0081,13.8,gradual_lead_deceleration,dry,Safe,Safe,0.819,2.130
S0081,14.0,gradual_lead_deceleration,dry,Safe,Safe,0.828,2.577
S0081,14.2,gradual_lead_deceleration,dry,Safe,Safe,0.828,2.560
S0081,14.4,gradual_lead_deceleration,dry,Safe,Safe,0.836,3.607
S0081,14.6,gradual_lead_deceleration,dry,Safe,Safe,0.827,2.936
S0081,14.8,gradual_lead_deceleration,dry,Safe,Safe,0.814,2.079
S0081,15.0,gradual_lead_deceleration,dry,Safe,Safe,0.806,2.845
S0081,15.2,gradual_lead_deceleration,dry,Safe,Safe,0.814,2.536
S0081,15.4,gradual_lead_deceleration,dry,Warning,Safe,0.799,3.169
S0081,15.6,gradual_lead_deceleration,dry,Safe,Safe,0.188,1.454
S0081,15.8,gradual_lead_deceleration,dry,Safe,Safe,0.19,0.904
S0003,0.0,high_speed_approach,dry,Safe,Emergency,83.707,110.185
S0003,0.2,high_speed_approach,dry,Safe,Emergency,83.72,102.167
S0003,0.4,high_speed_approach,dry,Safe,Emergency,83.619,123.221
S0003,0.6,high_speed_approach,dry,Safe,Emergency,83.689,102.576
S0003,0.8,high_speed_approach,dry,Safe,Emergency,83.611,133.295
S0003,1.0,high_speed_approach,dry,Safe,Emergency,83.745,119.032
S0003,1.2,high_speed_approach,dry,Safe,Emergency,83.821,121.941
S0003,1.4,high_speed_approach,dry,Safe,Emergency,83.97,114.274
S0003,1.6,high_speed_approach,dry,Safe,Emergency,84.069,107.254
S0003,1.8,high_speed_approach,dry,Safe,Emergency,83.955,116.881
S0003,2.0,high_speed_approach,dry,Safe,Emergency,84.122,128.608
S0003,2.2,high_speed_approach,dry,Safe,Emergency,84.094,117.618
S0003,2.4,high_speed_approach,dry,Safe,Emergency,83.962,115.757
S0003,2.6,high_speed_approach,dry,Warning,Emergency,83.926,105.737
S0003,2.8,high_speed_approach,dry,Safe,Emergency,79.039,128.943
S0003,3.0,high_speed_approach,dry,Safe,Emergency,79.122,115.715
S0003,3.2,high_speed_approach,dry,Safe,Emergency,78.963,114.625
S0003,3.4,high_speed_approach,dry,Safe,Emergency,79.117,126.421
S0003,3.6,high_speed_approach,dry,Warning,Emergency,79.043,99.749
S0003,3.8,high_speed_approach,dry,Safe,Emergency,74.308,117.057
S0003,4.0,high_speed_approach,dry,Safe,Emergency,74.212,104.924
S0003,4.2,high_speed_approach,dry,Safe,Emergency,74.048,103.184
S0003,4.4,high_speed_approach,dry,Safe,Emergency,74.06,110.094
S0003,4.6,high_speed_approach,dry,Safe,Emergency,73.952,96.170
S0003,4.8,high_speed_approach,dry,Warning,Emergency,74.032,85.722
S0003,5.0,high_speed_approach,dry,Safe,Emergency,69.457,96.854
S0003,5.2,high_speed_approach,dry,Safe,Emergency,69.568,93.725
S0003,5.4,high_speed_approach,dry,Safe,Emergency,69.555,109.153
S0003,5.6,high_speed_approach,dry,Safe,Emergency,69.532,108.788
S0003,5.8,high_speed_approach,dry,Warning,Emergency,69.437,109.447
S0003,6.0,high_speed_approach,dry,Safe,Emergency,65.013,101.572
S0003,6.2,high_speed_approach,dry,Safe,Emergency,65.09,103.056
S0003,6.4,high_speed_approach,dry,Safe,Emergency,65.178,96.740
S0003,6.6,high_speed_approach,dry,Safe,Emergency,65.034,109.371
S0003,6.8,high_speed_approach,dry,Warning,Emergency,65.127,94.900
S0003,7.0,high_speed_approach,dry,Safe,Emergency,60.847,94.589
S0003,7.2,high_speed_approach,dry,Safe,Emergency,60.75,98.518
S0003,7.4,high_speed_approach,dry,Safe,Emergency,60.678,85.725
S0003,7.6,high_speed_approach,dry,Safe,Emergency,60.722,97.284
S0003,7.8,high_speed_approach,dry,Warning,Emergency,60.819,90.149
S0003,8.0,high_speed_approach,dry,Safe,Emergency,56.688,94.907
S0003,8.2,high_speed_approach,dry,Safe,Emergency,56.545,80.913
S0003,8.4,high_speed_approach,dry,Safe,Emergency,56.452,102.685
S0003,8.6,high_speed_approach,dry,Safe,Emergency,56.454,101.027
S0003,8.8,high_speed_approach,dry,Safe,Emergency,56.367,83.990
S0003,9.0,high_speed_approach,dry,Safe,Emergency,56.366,80.489
S0003,9.2,high_speed_approach,dry,Safe,Emergency,56.462,91.244
S0003,9.4,high_speed_approach,dry,Safe,Emergency,56.374,70.281
S0003,9.6,high_speed_approach,dry,Safe,Emergency,56.49,84.068
S0003,9.8,high_speed_approach,dry,Safe,Emergency,56.55,85.424
S0003,10.0,high_speed_approach,dry,Safe,Emergency,56.441,92.054
S0003,10.2,high_speed_approach,dry,Safe,Emergency,56.373,92.754
S0003,10.4,high_speed_approach,dry,Safe,Emergency,56.448,86.655
S0003,10.6,high_speed_approach,dry,Warning,Emergency,56.342,82.691
S0003,10.8,high_speed_approach,dry,Warning,Emergency,52.371,63.787
S0003,11.0,high_speed_approach,dry,Safe,Emergency,48.545,86.226
S0003,11.2,high_speed_approach,dry,Safe,Emergency,48.518,84.115
S0003,11.4,high_speed_approach,dry,Safe,Emergency,48.621,78.113
S0003,11.6,high_speed_approach,dry,Safe,Emergency,48.728,82.197
S0003,11.8,high_speed_approach,dry,Safe,Emergency,48.805,88.304
S0003,12.0,high_speed_approach,dry,Safe,Emergency,48.839,70.823
S0003,12.2,high_speed_approach,dry,Safe,Emergency,48.941,75.471
S0003,12.4,high_speed_approach,dry,Safe,Emergency,48.822,81.475
S0003,12.6,high_speed_approach,dry,Safe,Emergency,48.694,82.207
S0003,12.8,high_speed_approach,dry,Safe,Emergency,48.712,80.299
S0003,13.0,high_speed_approach,dry,Safe,Emergency,48.618,77.786
S0003,13.2,high_speed_approach,dry,Safe,Emergency,48.544,69.786
S0003,13.4,high_speed_approach,dry,Safe,Emergency,48.558,76.116
S0003,13.6,high_speed_approach,dry,Safe,Emergency,48.481,84.007
S0003,13.8,high_speed_approach,dry,Safe,Emergency,48.391,66.318
S0003,14.0,high_speed_approach,dry,Safe,Emergency,48.432,83.633
S0003,14.2,high_speed_approach,dry,Safe,Emergency,48.496,66.744
S0003,14.4,high_speed_approach,dry,Safe,Emergency,48.392,81.890
S0003,14.6,high_speed_approach,dry,Safe,Emergency,48.437,59.902
S0003,14.8,high_speed_approach,dry,Safe,Emergency,48.437,72.386
S0003,15.0,high_speed_approach,dry,Safe,Emergency,48.313,76.801
S0003,15.2,high_speed_approach,dry,Safe,Emergency,48.44,71.552
S0003,15.4,high_speed_approach,dry,Safe,Emergency,48.337,59.464
S0003,15.6,high_speed_approach,dry,Safe,Emergency,48.211,77.982
S0003,15.8,high_speed_approach,dry,Safe,Emergency,48.192,77.114
S0142,0.0,sudden_lead_braking,dry,Emergency,Warning,60.05,53.972
S0142,0.2,sudden_lead_braking,dry,Emergency,Emergency,54.867,66.749
S0142,0.4,sudden_lead_braking,dry,Emergency,Emergency,49.931,70.161
S0142,0.6,sudden_lead_braking,dry,Emergency,Emergency,45.236,60.661
S0142,0.8,sudden_lead_braking,dry,Emergency,Warning,40.782,46.655
S0142,1.0,sudden_lead_braking,dry,Warning,Warning,36.563,51.377
S0142,1.2,sudden_lead_braking,dry,Warning,Safe,32.578,38.492
S0142,1.4,sudden_lead_braking,dry,Warning,Safe,28.825,39.557
S0142,1.6,sudden_lead_braking,dry,Warning,Safe,25.301,23.681
S0142,1.8,sudden_lead_braking,dry,Warning,Safe,22.005,29.242
S0142,2.0,sudden_lead_braking,dry,Warning,Safe,18.935,29.785
S0142,2.2,sudden_lead_braking,dry,Safe,Safe,16.09,20.443
S0142,2.4,sudden_lead_braking,dry,Safe,Safe,16.079,19.169
S0142,2.6,sudden_lead_braking,dry,Safe,Safe,16.175,18.243
S0142,2.8,sudden_lead_braking,dry,Safe,Safe,16.215,19.561
S0142,3.0,sudden_lead_braking,dry,Safe,Safe,16.298,21.753
S0142,3.2,sudden_lead_braking,dry,Warning,Safe,16.354,20.430
S0142,3.4,sudden_lead_braking,dry,Safe,Safe,13.713,20.701
S0142,3.6,sudden_lead_braking,dry,Warning,Safe,13.735,19.540
S0142,3.8,sudden_lead_braking,dry,Safe,Safe,11.316,19.585
S0142,4.0,sudden_lead_braking,dry,Safe,Safe,11.34,18.601
S0142,4.2,sudden_lead_braking,dry,Safe,Safe,11.364,12.743
S0142,4.4,sudden_lead_braking,dry,Safe,Safe,11.429,15.748
S0142,4.6,sudden_lead_braking,dry,Warning,Safe,11.358,16.280
S0142,4.8,sudden_lead_braking,dry,Safe,Safe,9.16,17.207
S0142,5.0,sudden_lead_braking,dry,Safe,Safe,9.198,15.835
S0142,5.2,sudden_lead_braking,dry,Safe,Safe,9.148,13.672
S0142,5.4,sudden_lead_braking,dry,Safe,Safe,9.078,11.557
S0142,5.6,sudden_lead_braking,dry,Safe,Safe,9.097,9.715
S0142,5.8,sudden_lead_braking,dry,Safe,Safe,9.159,10.064
S0142,6.0,sudden_lead_braking,dry,Safe,Safe,9.134,12.490
S0142,6.2,sudden_lead_braking,dry,Warning,Safe,9.17,12.672
S0142,6.4,sudden_lead_braking,dry,Safe,Safe,7.195,12.032
S0142,6.6,sudden_lead_braking,dry,Safe,Safe,7.148,13.806
S0142,6.8,sudden_lead_braking,dry,Safe,Safe,7.159,6.598
S0142,7.0,sudden_lead_braking,dry,Safe,Safe,7.12,12.461
S0142,7.2,sudden_lead_braking,dry,Safe,Safe,7.147,9.309
S0142,7.4,sudden_lead_braking,dry,Safe,Safe,7.158,9.351
S0142,7.6,sudden_lead_braking,dry,Safe,Safe,7.213,12.063
S0142,7.8,sudden_lead_braking,dry,Safe,Safe,7.184,10.272
S0142,8.0,sudden_lead_braking,dry,Safe,Safe,7.209,9.805
S0142,8.2,sudden_lead_braking,dry,Safe,Safe,7.266,9.859
S0142,8.4,sudden_lead_braking,dry,Safe,Safe,7.217,9.463
S0142,8.6,sudden_lead_braking,dry,Safe,Safe,7.249,11.248
S0142,8.8,sudden_lead_braking,dry,Safe,Safe,7.206,12.205
S0142,9.0,sudden_lead_braking,dry,Warning,Safe,7.219,14.183
S0142,9.2,sudden_lead_braking,dry,Safe,Safe,5.467,8.115
S0142,9.4,sudden_lead_braking,dry,Safe,Safe,5.419,8.285
S0142,9.6,sudden_lead_braking,dry,Safe,Safe,5.463,7.219
S0142,9.8,sudden_lead_braking,dry,Safe,Safe,5.468,11.005
S0142,10.0,sudden_lead_braking,dry,Safe,Safe,5.509,9.059
S0142,10.2,sudden_lead_braking,dry,Safe,Safe,5.537,10.106
S0142,10.4,sudden_lead_braking,dry,Safe,Safe,5.513,9.937
S0142,10.6,sudden_lead_braking,dry,Safe,Safe,5.462,8.368
S0142,10.8,sudden_lead_braking,dry,Safe,Safe,5.403,10.173
S0142,11.0,sudden_lead_braking,dry,Safe,Safe,5.347,6.881
S0142,11.2,sudden_lead_braking,dry,Safe,Safe,5.289,8.302
S0142,11.4,sudden_lead_braking,dry,Safe,Safe,5.238,8.301
S0142,11.6,sudden_lead_braking,dry,Safe,Safe,5.196,8.556
S0142,11.8,sudden_lead_braking,dry,Safe,Safe,5.157,9.318
S0142,12.0,sudden_lead_braking,dry,Safe,Safe,5.115,5.866
S0142,12.2,sudden_lead_braking,dry,Safe,Safe,5.088,7.013
S0142,12.4,sudden_lead_braking,dry,Safe,Safe,5.099,6.139
S0142,12.6,sudden_lead_braking,dry,Safe,Safe,5.143,7.419
S0142,12.8,sudden_lead_braking,dry,Safe,Safe,5.163,6.299
S0142,13.0,sudden_lead_braking,dry,Safe,Safe,5.115,10.467
S0142,13.2,sudden_lead_braking,dry,Safe,Safe,5.061,9.330
S0142,13.4,sudden_lead_braking,dry,Safe,Safe,5.114,7.091
S0142,13.6,sudden_lead_braking,dry,Safe,Safe,5.138,7.713
S0142,13.8,sudden_lead_braking,dry,Safe,Safe,5.116,8.636
S0142,14.0,sudden_lead_braking,dry,Safe,Safe,5.07,10.650
S0142,14.2,sudden_lead_braking,dry,Safe,Safe,5.046,11.818
S0142,14.4,sudden_lead_braking,dry,Safe,Safe,5.034,7.885
S0142,14.6,sudden_lead_braking,dry,Safe,Safe,5.013,7.578
S0142,14.8,sudden_lead_braking,dry,Safe,Safe,4.99,8.600
S0142,15.0,sudden_lead_braking,dry,Safe,Safe,4.947,9.300
S0142,15.2,sudden_lead_braking,dry,Warning,Safe,4.962,9.447
S0142,15.4,sudden_lead_braking,dry,Safe,Safe,3.51,7.037
S0142,15.6,sudden_lead_braking,dry,Safe,Safe,3.52,6.282
S0142,15.8,sudden_lead_braking,dry,Safe,Safe,3.5,7.369
S0229,0.0,gradual_lead_deceleration,dry,Emergency,Warning,32.001,28.747
S0229,0.2,gradual_lead_deceleration,dry,Emergency,Emergency,28.642,38.520
S0229,0.4,gradual_lead_deceleration,dry,Emergency,Emergency,25.467,32.579
S0229,0.6,gradual_lead_deceleration,dry,Warning,Warning,22.473,21.529
S0229,0.8,gradual_lead_deceleration,dry,Warning,Warning,19.661,18.587
S0229,1.0,gradual_lead_deceleration,dry,Safe,Warning,17.031,15.786
S0229,1.2,gradual_lead_deceleration,dry,Safe,Warning,16.97,16.848
S0229,1.4,gradual_lead_deceleration,dry,Safe,Warning,16.994,16.348
S0229,1.6,gradual_lead_deceleration,dry,Safe,Warning,17.067,17.883
S0229,1.8,gradual_lead_deceleration,dry,Safe,Warning,17.022,19.017
S0229,2.0,gradual_lead_deceleration,dry,Safe,Warning,16.945,21.316
S0229,2.2,gradual_lead_deceleration,dry,Safe,Warning,17.009,15.280
S0229,2.4,gradual_lead_deceleration,dry,Warning,Warning,17.058,14.957
S0229,2.6,gradual_lead_deceleration,dry,Safe,Warning,14.608,14.037
S0229,2.8,gradual_lead_deceleration,dry,Safe,Warning,14.616,18.821
S0229,3.0,gradual_lead_deceleration,dry,Safe,Warning,14.659,12.806
S0229,3.2,gradual_lead_deceleration,dry,Safe,Emergency,14.619,19.779
S0229,3.4,gradual_lead_deceleration,dry,Safe,Warning,14.57,15.504
S0229,3.6,gradual_lead_deceleration,dry,Safe,Emergency,14.573,18.781
S0229,3.8,gradual_lead_deceleration,dry,Warning,Emergency,14.608,20.656
S0229,4.0,gradual_lead_deceleration,dry,Safe,Warning,12.339,15.353
S0229,4.2,gradual_lead_deceleration,dry,Safe,Emergency,12.368,18.731
S0229,4.4,gradual_lead_deceleration,dry,Safe,Warning,12.39,15.583
S0229,4.6,gradual_lead_deceleration,dry,Warning,Warning,12.451,15.643
S0229,4.8,gradual_lead_deceleration,dry,Safe,Warning,10.354,10.867
S0229,5.0,gradual_lead_deceleration,dry,Safe,Warning,10.427,12.948
S0229,5.2,gradual_lead_deceleration,dry,Safe,Emergency,10.447,15.227
S0229,5.4,gradual_lead_deceleration,dry,Warning,Warning,10.508,9.833
S0229,5.6,gradual_lead_deceleration,dry,Safe,Warning,8.579,10.494
S0229,5.8,gradual_lead_deceleration,dry,Safe,Emergency,8.646,13.612
S0229,6.0,gradual_lead_deceleration,dry,Warning,Warning,8.662,10.660
S0229,6.2,gradual_lead_deceleration,dry,Safe,Warning,6.907,6.204
S0229,6.4,gradual_lead_deceleration,dry,Warning,Warning,6.918,8.877
S0229,6.6,gradual_lead_deceleration,dry,Warning,Warning,5.345,5.460
S0229,6.8,gradual_lead_deceleration,dry,Warning,Warning,3.957,5.211
S0229,7.0,gradual_lead_deceleration,dry,Safe,Warning,2.754,4.432
S0229,7.2,gradual_lead_deceleration,dry,Warning,Warning,2.747,3.046
S0229,7.4,gradual_lead_deceleration,dry,Safe,Warning,1.732,3.009
S0229,7.6,gradual_lead_deceleration,dry,Safe,Warning,1.757,2.607
S0229,7.8,gradual_lead_deceleration,dry,Safe,Warning,1.735,2.930
S0229,8.0,gradual_lead_deceleration,dry,Safe,Warning,1.738,2.366
S0229,8.2,gradual_lead_deceleration,dry,Safe,Safe,1.744,2.832
S0229,8.4,gradual_lead_deceleration,dry,Safe,Warning,1.724,3.782
S0229,8.6,gradual_lead_deceleration,dry,Safe,Safe,1.734,2.218
S0229,8.8,gradual_lead_deceleration,dry,Safe,Safe,1.749,3.260
S0229,9.0,gradual_lead_deceleration,dry,Safe,Safe,1.731,1.839
S0229,9.2,gradual_lead_deceleration,dry,Warning,Safe,1.698,3.417
S0229,9.4,gradual_lead_deceleration,dry,Safe,Safe,0.878,0.980
S0229,9.6,gradual_lead_deceleration,dry,Safe,Safe,0.873,1.344
S0229,9.8,gradual_lead_deceleration,dry,Safe,Safe,0.895,1.047
S0229,10.0,gradual_lead_deceleration,dry,Safe,Safe,0.912,2.237
S0229,10.2,gradual_lead_deceleration,dry,Safe,Safe,0.916,1.625
S0229,10.4,gradual_lead_deceleration,dry,Safe,Safe,0.899,1.430
S0229,10.6,gradual_lead_deceleration,dry,Safe,Safe,0.88,1.364
S0229,10.8,gradual_lead_deceleration,dry,Safe,Safe,0.889,2.254
S0229,11.0,gradual_lead_deceleration,dry,Safe,Safe,0.889,1.365
S0229,11.2,gradual_lead_deceleration,dry,Safe,Safe,0.915,1.415
S0229,11.4,gradual_lead_deceleration,dry,Safe,Safe,0.929,1.523
S0229,11.6,gradual_lead_deceleration,dry,Safe,Safe,0.905,1.494
S0229,11.8,gradual_lead_deceleration,dry,Safe,Safe,0.897,1.018
S0229,12.0,gradual_lead_deceleration,dry,Safe,Safe,0.92,1.207
S0229,12.2,gradual_lead_deceleration,dry,Safe,Safe,0.919,1.889
S0229,12.4,gradual_lead_deceleration,dry,Safe,Safe,0.911,0.616
S0229,12.6,gradual_lead_deceleration,dry,Safe,Safe,0.934,1.677
S0229,12.8,gradual_lead_deceleration,dry,Warning,Safe,0.924,1.230
S0229,13.0,gradual_lead_deceleration,dry,Safe,Safe,0.283,0.474
S0229,13.2,gradual_lead_deceleration,dry,Safe,Safe,0.266,0.366
S0229,13.4,gradual_lead_deceleration,dry,Safe,Safe,0.272,0.630
S0229,13.6,gradual_lead_deceleration,dry,Safe,Safe,0.283,0.281
S0229,13.8,gradual_lead_deceleration,dry,Safe,Safe,0.298,1.000
S0229,14.0,gradual_lead_deceleration,dry,Safe,Safe,0.295,0.546
S0229,14.2,gradual_lead_deceleration,dry,Safe,Safe,0.297,0.216
S0229,14.4,gradual_lead_deceleration,dry,Safe,Safe,0.291,0.561
S0229,14.6,gradual_lead_deceleration,dry,Safe,Safe,0.308,0.397
S0229,14.8,gradual_lead_deceleration,dry,Safe,Safe,0.297,0.737
S0229,15.0,gradual_lead_deceleration,dry,Safe,Safe,0.284,0.856
S0229,15.2,gradual_lead_deceleration,dry,Safe,Safe,0.271,0.541
S0229,15.4,gradual_lead_deceleration,dry,Safe,Safe,0.274,0.517
S0229,15.6,gradual_lead_deceleration,dry,Safe,Safe,0.291,0.604
S0229,15.8,gradual_lead_deceleration,dry,Safe,Safe,0.299,1.009
S0112,0.0,stable_following,dry,Safe,Emergency,44.693,52.835
S0112,0.2,stable_following,dry,Safe,Emergency,44.565,41.634
S0112,0.4,stable_following,dry,Safe,Emergency,44.691,55.137
S0112,0.6,stable_following,dry,Safe,Emergency,44.553,56.718
S0112,0.8,stable_following,dry,Safe,Emergency,44.589,51.113
S0112,1.0,stable_following,dry,Safe,Emergency,44.463,51.970
S0112,1.2,stable_following,dry,Safe,Emergency,44.529,42.320
S0112,1.4,stable_following,dry,Safe,Emergency,44.561,49.440
S0112,1.6,stable_following,dry,Safe,Emergency,44.471,40.915
S0112,1.8,stable_following,dry,Safe,Emergency,44.423,52.408
S0112,2.0,stable_following,dry,Safe,Emergency,44.325,43.662
S0112,2.2,stable_following,dry,Safe,Emergency,44.43,51.370
S0112,2.4,stable_following,dry,Safe,Emergency,44.487,52.719
S0112,2.6,stable_following,dry,Safe,Emergency,44.388,51.222
S0112,2.8,stable_following,dry,Safe,Emergency,44.255,44.891
S0112,3.0,stable_following,dry,Safe,Emergency,44.359,52.983
S0112,3.2,stable_following,dry,Safe,Emergency,44.405,52.850
S0112,3.4,stable_following,dry,Safe,Emergency,44.437,50.830
S0112,3.6,stable_following,dry,Safe,Emergency,44.519,54.433
S0112,3.8,stable_following,dry,Safe,Emergency,44.615,56.025
S0112,4.0,stable_following,dry,Safe,Emergency,44.721,48.408
S0112,4.2,stable_following,dry,Safe,Emergency,44.65,40.867
S0112,4.4,stable_following,dry,Safe,Emergency,44.749,49.479
S0112,4.6,stable_following,dry,Safe,Emergency,44.797,61.157
S0112,4.8,stable_following,dry,Safe,Emergency,44.803,52.728
S0112,5.0,stable_following,dry,Safe,Emergency,44.935,42.109
S0112,5.2,stable_following,dry,Safe,Emergency,45.02,56.834
S0112,5.4,stable_following,dry,Safe,Emergency,45.112,38.266
S0112,5.6,stable_following,dry,Safe,Emergency,45.245,55.212
S0112,5.8,stable_following,dry,Safe,Emergency,45.257,50.672
S0112,6.0,stable_following,dry,Safe,Emergency,45.117,50.887
S0112,6.2,stable_following,dry,Safe,Emergency,45.256,47.357
S0112,6.4,stable_following,dry,Safe,Emergency,45.291,47.706
S0112,6.6,stable_following,dry,Safe,Emergency,45.192,55.900
S0112,6.8,stable_following,dry,Safe,Emergency,45.297,62.390
S0112,7.0,stable_following,dry,Safe,Emergency,45.332,58.890
S0112,7.2,stable_following,dry,Safe,Emergency,45.285,48.073
S0112,7.4,stable_following,dry,Safe,Emergency,45.428,53.165
S0112,7.6,stable_following,dry,Safe,Emergency,45.491,55.319
S0112,7.8,stable_following,dry,Safe,Emergency,45.508,56.297
S0112,8.0,stable_following,dry,Safe,Emergency,45.525,49.083
S0112,8.2,stable_following,dry,Safe,Emergency,45.504,48.442
S0112,8.4,stable_following,dry,Safe,Emergency,45.534,53.719
S0112,8.6,stable_following,dry,Safe,Emergency,45.437,49.625
S0112,8.8,stable_following,dry,Safe,Emergency,45.519,48.697
S0112,9.0,stable_following,dry,Safe,Emergency,45.495,44.270
S0112,9.2,stable_following,dry,Safe,Emergency,45.573,59.950
S0112,9.4,stable_following,dry,Safe,Emergency,45.695,51.784
S0112,9.6,stable_following,dry,Safe,Emergency,45.821,62.889
S0112,9.8,stable_following,dry,Safe,Emergency,45.951,48.199
S0112,10.0,stable_following,dry,Safe,Emergency,46.086,46.550
S0112,10.2,stable_following,dry,Safe,Emergency,46.052,54.914
S0112,10.4,stable_following,dry,Safe,Emergency,46.082,41.708
S0112,10.6,stable_following,dry,Safe,Emergency,46.082,37.781
S0112,10.8,stable_following,dry,Safe,Emergency,46.125,49.480
S0112,11.0,stable_following,dry,Safe,Emergency,45.989,45.620
S0112,11.2,stable_following,dry,Safe,Emergency,46.089,47.096
S0112,11.4,stable_following,dry,Safe,Emergency,46.226,62.612
S0112,11.6,stable_following,dry,Safe,Emergency,46.113,56.257
S0112,11.8,stable_following,dry,Safe,Emergency,46.186,47.329
S0112,12.0,stable_following,dry,Safe,Emergency,46.294,55.471
S0112,12.2,stable_following,dry,Safe,Emergency,46.247,59.144
S0112,12.4,stable_following,dry,Safe,Emergency,46.108,43.591
S0112,12.6,stable_following,dry,Safe,Emergency,46.042,47.430
S0112,12.8,stable_following,dry,Safe,Emergency,46.058,48.966
S0112,13.0,stable_following,dry,Safe,Emergency,46.101,54.958
S0112,13.2,stable_following,dry,Safe,Emergency,46.003,56.104
S0112,13.4,stable_following,dry,Safe,Emergency,46.148,51.739
S0112,13.6,stable_following,dry,Safe,Emergency,46.068,52.761
S0112,13.8,stable_following,dry,Safe,Emergency,46.101,60.667
S0112,14.0,stable_following,dry,Safe,Emergency,46.145,50.105
S0112,14.2,stable_following,dry,Safe,Emergency,46.048,47.808
S0112,14.4,stable_following,dry,Safe,Emergency,46.034,49.397
S0112,14.6,stable_following,dry,Safe,Emergency,45.895,58.939
S0112,14.8,stable_following,dry,Safe,Emergency,46.032,54.067
S0112,15.0,stable_following,dry,Safe,Emergency,46.052,55.578
S0112,15.2,stable_following,dry,Safe,Emergency,46.001,46.594
S0112,15.4,stable_following,dry,Safe,Emergency,46.088,56.963
S0112,15.6,stable_following,dry,Safe,Emergency,46.15,54.275
S0112,15.8,stable_following,dry,Safe,Emergency,46.129,50.084
S0214,0.0,sudden_lead_braking,dry,Emergency,Emergency,56.487,58.711
S0214,0.2,sudden_lead_braking,dry,Emergency,Emergency,52.247,45.545
S0214,0.4,sudden_lead_braking,dry,Emergency,Emergency,48.173,42.790
S0214,0.6,sudden_lead_braking,dry,Emergency,Emergency,44.266,44.665
S0214,0.8,sudden_lead_braking,dry,Emergency,Emergency,40.523,47.826
S0214,1.0,sudden_lead_braking,dry,Emergency,Emergency,36.945,46.167
S0214,1.2,sudden_lead_braking,dry,Emergency,Emergency,33.53,43.531
S0214,1.4,sudden_lead_braking,dry,Emergency,Warning,30.278,34.496
S0214,1.6,sudden_lead_braking,dry,Emergency,Warning,27.187,32.292
S0214,1.8,sudden_lead_braking,dry,Emergency,Warning,24.258,24.154
S0214,2.0,sudden_lead_braking,dry,Emergency,Warning,21.491,32.607
S0214,2.2,sudden_lead_braking,dry,Emergency,Safe,18.884,16.163
S0214,2.4,sudden_lead_braking,dry,Warning,Safe,16.437,14.795
S0214,2.6,sudden_lead_braking,dry,Warning,Safe,14.152,14.137
S0214,2.8,sudden_lead_braking,dry,Warning,Safe,12.028,12.806
S0214,3.0,sudden_lead_braking,dry,Warning,Safe,10.065,13.343
S0214,3.2,sudden_lead_braking,dry,Warning,Safe,8.264,6.898
S0214,3.4,sudden_lead_braking,dry,Safe,Safe,6.625,5.173
S0214,3.6,sudden_lead_braking,dry,Warning,Safe,6.643,8.288
S0214,3.8,sudden_lead_braking,dry,Safe,Safe,5.164,5.871
S0214,4.0,sudden_lead_braking,dry,Safe,Safe,5.188,5.277
S0214,4.2,sudden_lead_braking,dry,Safe,Safe,5.195,7.390
S0214,4.4,sudden_lead_braking,dry,Safe,Safe,5.179,4.121
S0214,4.6,sudden_lead_braking,dry,Safe,Safe,5.226,4.123
S0214,4.8,sudden_lead_braking,dry,Safe,Safe,5.199,5.007
S0214,5.0,sudden_lead_braking,dry,Safe,Safe,5.169,3.388
S0214,5.2,sudden_lead_braking,dry,Safe,Safe,5.144,4.901
S0214,5.4,sudden_lead_braking,dry,Warning,Safe,5.169,5.599
S0214,5.6,sudden_lead_braking,dry,Safe,Safe,3.855,2.651
S0214,5.8,sudden_lead_braking,dry,Safe,Safe,3.843,4.312
S0214,6.0,sudden_lead_braking,dry,Safe,Safe,3.864,5.542
S0214,6.2,sudden_lead_braking,dry,Safe,Safe,3.9,2.939
S0214,6.4,sudden_lead_braking,dry,Safe,Safe,3.883,5.446
S0214,6.6,sudden_lead_braking,dry,Safe,Safe,3.915,4.956
S0214,6.8,sudden_lead_braking,dry,Safe,Safe,3.877,5.343
S0214,7.0,sudden_lead_braking,dry,Safe,Safe,3.849,2.561
S0214,7.2,sudden_lead_braking,dry,Safe,Safe,3.892,3.941
S0214,7.4,sudden_lead_braking,dry,Safe,Safe,3.899,3.919
S0214,7.6,sudden_lead_braking,dry,Safe,Safe,3.885,3.565
S0214,7.8,sudden_lead_braking,dry,Safe,Safe,3.873,5.260
S0214,8.0,sudden_lead_braking,dry,Safe,Safe,3.893,4.141
S0214,8.2,sudden_lead_braking,dry,Safe,Safe,3.879,2.814
S0214,8.4,sudden_lead_braking,dry,Safe,Safe,3.916,5.953
S0214,8.6,sudden_lead_braking,dry,Safe,Safe,3.884,2.963
S0214,8.8,sudden_lead_braking,dry,Safe,Safe,3.872,3.296
S0214,9.0,sudden_lead_braking,dry,Safe,Safe,3.868,2.831
S0214,9.2,sudden_lead_braking,dry,Safe,Safe,3.86,3.392
S0214,9.4,sudden_lead_braking,dry,Warning,Safe,3.902,4.090
S0214,9.6,sudden_lead_braking,dry,Safe,Safe,2.745,3.981
S0214,9.8,sudden_lead_braking,dry,Safe,Safe,2.77,3.615
S0214,10.0,sudden_lead_braking,dry,Safe,Safe,2.804,2.006
S0214,10.2,sudden_lead_braking,dry,Safe,Safe,2.765,2.730
S0214,10.4,sudden_lead_braking,dry,Safe,Safe,2.741,3.998
S0214,10.6,sudden_lead_braking,dry,Safe,Safe,2.704,3.422
S0214,10.8,sudden_lead_braking,dry,Safe,Safe,2.683,2.672
S0214,11.0,sudden_lead_braking,dry,Safe,Safe,2.697,2.155
S0214,11.2,sudden_lead_braking,dry,Safe,Safe,2.723,2.663
S0214,11.4,sudden_lead_braking,dry,Safe,Safe,2.74,4.659
S0214,11.6,sudden_lead_braking,dry,Safe,Safe,2.751,4.000
S0214,11.8,sudden_lead_braking,dry,Safe,Safe,2.717,3.174
S0214,12.0,sudden_lead_braking,dry,Safe,Safe,2.72,4.843
S0214,12.2,sudden_lead_braking,dry,Safe,Safe,2.744,1.942
S0214,12.4,sudden_lead_braking,dry,Safe,Safe,2.773,3.646
S0214,12.6,sudden_lead_braking,dry,Safe,Safe,2.77,3.981
S0214,12.8,sudden_lead_braking,dry,Safe,Safe,2.762,2.132
S0214,13.0,sudden_lead_braking,dry,Safe,Safe,2.788,2.404
S0214,13.2,sudden_lead_braking,dry,Safe,Safe,2.825,3.952
S0214,13.4,sudden_lead_braking,dry,Safe,Safe,2.84,3.643
S0214,13.6,sudden_lead_braking,dry,Safe,Safe,2.81,2.581
S0214,13.8,sudden_lead_braking,dry,Safe,Safe,2.803,3.582
S0214,14.0,sudden_lead_braking,dry,Safe,Safe,2.772,2.873
S0214,14.2,sudden_lead_braking,dry,Safe,Safe,2.783,2.408
S0214,14.4,sudden_lead_braking,dry,Safe,Safe,2.809,3.881
S0214,14.6,sudden_lead_braking,dry,Safe,Safe,2.845,1.937
S0214,14.8,sudden_lead_braking,dry,Safe,Safe,2.856,2.848
S0214,15.0,sudden_lead_braking,dry,Safe,Safe,2.857,2.753
S0214,15.2,sudden_lead_braking,dry,Safe,Safe,2.876,2.908
S0214,15.4,sudden_lead_braking,dry,Safe,Safe,2.866,3.848
S0214,15.6,sudden_lead_braking,dry,Safe,Safe,2.842,4.375
S0214,15.8,sudden_lead_braking,dry,Safe,Safe,2.87,5.293
S0292,0.0,stable_following,dry,Safe,Emergency,50.829,35.285
S0292,0.2,stable_following,dry,Safe,Emergency,50.937,47.798
S0292,0.4,stable_following,dry,Safe,Emergency,50.921,60.424
S0292,0.6,stable_following,dry,Safe,Emergency,50.918,52.884
S0292,0.8,stable_following,dry,Safe,Emergency,51.003,51.711
S0292,1.0,stable_following,dry,Safe,Emergency,51.128,40.899
S0292,1.2,stable_following,dry,Safe,Emergency,51.03,38.851
S0292,1.4,stable_following,dry,Safe,Emergency,51.16,40.449
S0292,1.6,stable_following,dry,Safe,Emergency,51.259,45.308
S0292,1.8,stable_following,dry,Safe,Emergency,51.254,50.337
S0292,2.0,stable_following,dry,Safe,Emergency,51.179,63.946
S0292,2.2,stable_following,dry,Safe,Emergency,51.145,51.324
S0292,2.4,stable_following,dry,Safe,Emergency,51.131,49.297
S0292,2.6,stable_following,dry,Safe,Emergency,51.257,49.389
S0292,2.8,stable_following,dry,Safe,Emergency,51.404,55.998
S0292,3.0,stable_following,dry,Safe,Emergency,51.442,57.791
S0292,3.2,stable_following,dry,Safe,Emergency,51.437,57.888
S0292,3.4,stable_following,dry,Safe,Emergency,51.388,47.041
S0292,3.6,stable_following,dry,Safe,Emergency,51.353,37.872
S0292,3.8,stable_following,dry,Safe,Emergency,51.5,55.846
S0292,4.0,stable_following,dry,Safe,Emergency,51.414,61.920
S0292,4.2,stable_following,dry,Safe,Emergency,51.348,54.646
S0292,4.4,stable_following,dry,Safe,Emergency,51.441,37.196
S0292,4.6,stable_following,dry,Safe,Emergency,51.405,43.928
S0292,4.8,stable_following,dry,Safe,Emergency,51.287,42.641
S0292,5.0,stable_following,dry,Safe,Emergency,51.231,46.968
S0292,5.2,stable_following,dry,Safe,Emergency,51.206,48.826
S0292,5.4,stable_following,dry,Safe,Emergency,51.073,47.250
S0292,5.6,stable_following,dry,Safe,Emergency,51.079,46.614
S0292,5.8,stable_following,dry,Safe,Emergency,51.181,47.327
S0292,6.0,stable_following,dry,Safe,Emergency,51.321,47.404
S0292,6.2,stable_following,dry,Safe,Emergency,51.229,45.338
S0292,6.4,stable_following,dry,Safe,Emergency,51.324,54.369
S0292,6.6,stable_following,dry,Safe,Emergency,51.391,50.727
S0292,6.8,stable_following,dry,Safe,Emergency,51.528,50.884
S0292,7.0,stable_following,dry,Safe,Emergency,51.605,43.115
S0292,7.2,stable_following,dry,Safe,Emergency,51.755,54.035
S0292,7.4,stable_following,dry,Safe,Emergency,51.859,45.227
S0292,7.6,stable_following,dry,Safe,Emergency,51.913,42.450
S0292,7.8,stable_following,dry,Safe,Emergency,51.903,45.392
S0292,8.0,stable_following,dry,Safe,Emergency,51.858,42.045
S0292,8.2,stable_following,dry,Safe,Emergency,51.898,43.793
S0292,8.4,stable_following,dry,Safe,Emergency,51.945,50.078
S0292,8.6,stable_following,dry,Safe,Emergency,51.937,54.921
S0292,8.8,stable_following,dry,Safe,Emergency,51.88,36.827
S0292,9.0,stable_following,dry,Safe,Emergency,52.023,53.632
S0292,9.2,stable_following,dry,Safe,Emergency,51.882,44.786
S0292,9.4,stable_following,dry,Safe,Emergency,51.801,51.043
S0292,9.6,stable_following,dry,Safe,Emergency,51.831,46.619
S0292,9.8,stable_following,dry,Safe,Emergency,51.849,38.477
S0292,10.0,stable_following,dry,Safe,Emergency,51.796,61.146
S0292,10.2,stable_following,dry,Safe,Emergency,51.854,45.294
S0292,10.4,stable_following,dry,Safe,Emergency,51.911,44.319
S0292,10.6,stable_following,dry,Safe,Emergency,51.775,46.257
S0292,10.8,stable_following,dry,Safe,Emergency,51.862,48.653
S0292,11.0,stable_following,dry,Safe,Emergency,51.946,50.819
S0292,11.2,stable_following,dry,Safe,Emergency,52.079,55.455
S0292,11.4,stable_following,dry,Safe,Emergency,51.983,52.999
S0292,11.6,stable_following,dry,Safe,Emergency,52.134,39.619
S0292,11.8,stable_following,dry,Safe,Emergency,52.217,57.767
S0292,12.0,stable_following,dry,Safe,Emergency,52.166,46.277
S0292,12.2,stable_following,dry,Safe,Emergency,52.125,39.540
S0292,12.4,stable_following,dry,Safe,Emergency,52.221,39.543
S0292,12.6,stable_following,dry,Safe,Emergency,52.168,46.804
S0292,12.8,stable_following,dry,Safe,Emergency,52.136,57.549
S0292,13.0,stable_following,dry,Safe,Emergency,52.144,53.582
S0292,13.2,stable_following,dry,Safe,Emergency,52.281,49.411
S0292,13.4,stable_following,dry,Safe,Emergency,52.184,64.747
S0292,13.6,stable_following,dry,Safe,Emergency,52.236,55.348
S0292,13.8,stable_following,dry,Safe,Emergency,52.376,53.736
S0292,14.0,stable_following,dry,Safe,Emergency,52.484,40.177
S0292,14.2,stable_following,dry,Safe,Emergency,52.511,50.038
S0292,14.4,stable_following,dry,Safe,Emergency,52.671,47.059
S0292,14.6,stable_following,dry,Safe,Emergency,52.558,58.102
S0292,14.8,stable_following,dry,Safe,Emergency,52.717,45.676
S0292,15.0,stable_following,dry,Safe,Emergency,52.865,56.743
S0292,15.2,stable_following,dry,Safe,Emergency,52.99,52.365
S0292,15.4,stable_following,dry,Safe,Emergency,53.071,46.665
S0292,15.6,stable_following,dry,Safe,Emergency,52.931,57.366
S0292,15.8,stable_following,dry,Safe,Emergency,53.035,42.338
S0101,0.0,gradual_lead_deceleration,dry,Warning,Emergency,46.305,61.779
S0101,0.2,gradual_lead_deceleration,dry,Warning,Warning,42.919,56.221
S0101,0.4,gradual_lead_deceleration,dry,Warning,Warning,39.659,51.000
S0101,0.6,gradual_lead_deceleration,dry,Warning,Warning,36.526,53.187
S0101,0.8,gradual_lead_deceleration,dry,Warning,Warning,33.519,48.356
S0101,1.0,gradual_lead_deceleration,dry,Safe,Safe,30.638,36.338
S0101,1.2,gradual_lead_deceleration,dry,Safe,Warning,30.555,45.400
S0101,1.4,gradual_lead_deceleration,dry,Safe,Emergency,30.609,57.613
S0101,1.6,gradual_lead_deceleration,dry,Safe,Warning,30.526,45.317
S0101,1.8,gradual_lead_deceleration,dry,Safe,Warning,30.594,38.118
S0101,2.0,gradual_lead_deceleration,dry,Safe,Warning,30.663,40.608
S0101,2.2,gradual_lead_deceleration,dry,Safe,Safe,30.685,29.879
S0101,2.4,gradual_lead_deceleration,dry,Safe,Warning,30.721,34.347
S0101,2.6,gradual_lead_deceleration,dry,Safe,Warning,30.635,45.003
S0101,2.8,gradual_lead_deceleration,dry,Safe,Emergency,30.544,46.497
S0101,3.0,gradual_lead_deceleration,dry,Safe,Warning,30.574,41.458
S0101,3.2,gradual_lead_deceleration,dry,Safe,Warning,30.61,35.537
S0101,3.4,gradual_lead_deceleration,dry,Safe,Emergency,30.543,43.886
S0101,3.6,gradual_lead_deceleration,dry,Safe,Emergency,30.5,40.473
S0101,3.8,gradual_lead_deceleration,dry,Safe,Emergency,30.42,40.617
S0101,4.0,gradual_lead_deceleration,dry,Safe,Emergency,30.454,38.171
S0101,4.2,gradual_lead_deceleration,dry,Safe,Emergency,30.416,44.802
S0101,4.4,gradual_lead_deceleration,dry,Safe,Emergency,30.41,41.873
S0101,4.6,gradual_lead_deceleration,dry,Safe,Emergency,30.35,44.557
S0101,4.8,gradual_lead_deceleration,dry,Warning,Emergency,30.39,44.236
S0101,5.0,gradual_lead_deceleration,dry,Safe,Emergency,27.646,40.495
S0101,5.2,gradual_lead_deceleration,dry,Safe,Emergency,27.591,34.393
S0101,5.4,gradual_lead_deceleration,dry,Safe,Emergency,27.511,35.125
S0101,5.6,gradual_lead_deceleration,dry,Warning,Emergency,27.489,36.059
S0101,5.8,gradual_lead_deceleration,dry,Safe,Emergency,24.877,33.894
S0101,6.0,gradual_lead_deceleration,dry,Safe,Warning,24.788,24.054
S0101,6.2,gradual_lead_deceleration,dry,Safe,Emergency,24.803,41.050
S0101,6.4,gradual_lead_deceleration,dry,Warning,Emergency,24.726,32.894
S0101,6.6,gradual_lead_deceleration,dry,Safe,Emergency,22.248,33.158
S0101,6.8,gradual_lead_deceleration,dry,Safe,Emergency,22.243,33.695
S0101,7.0,gradual_lead_deceleration,dry,Safe,Warning,22.257,22.964
S0101,7.2,gradual_lead_deceleration,dry,Warning,Emergency,22.213,29.023
S0101,7.4,gradual_lead_deceleration,dry,Safe,Emergency,19.861,28.737
S0101,7.6,gradual_lead_deceleration,dry,Safe,Emergency,19.922,37.066
S0101,7.8,gradual_lead_deceleration,dry,Safe,Emergency,19.991,21.840
S0101,8.0,gradual_lead_deceleration,dry,Warning,Emergency,19.926,26.602
S0101,8.2,gradual_lead_deceleration,dry,Safe,Emergency,17.696,27.838
S0101,8.4,gradual_lead_deceleration,dry,Safe,Emergency,17.739,29.633
S0101,8.6,gradual_lead_deceleration,dry,Warning,Emergency,17.749,20.879
S0101,8.8,gradual_lead_deceleration,dry,Safe,Emergency,15.642,28.608
S0101,9.0,gradual_lead_deceleration,dry,Safe,Emergency,15.695,27.582
S0101,9.2,gradual_lead_deceleration,dry,Safe,Emergency,15.767,25.218
S0101,9.4,gradual_lead_deceleration,dry,Warning,Emergency,15.832,26.267
S0101,9.6,gradual_lead_deceleration,dry,Safe,Emergency,13.839,25.801
S0101,9.8,gradual_lead_deceleration,dry,Safe,Emergency,13.9,21.475
S0101,10.0,gradual_lead_deceleration,dry,Warning,Emergency,13.897,18.939
S0101,10.2,gradual_lead_deceleration,dry,Safe,Emergency,12.026,16.174
S0101,10.4,gradual_lead_deceleration,dry,Warning,Warning,12.07,12.089
S0101,10.6,gradual_lead_deceleration,dry,Safe,Emergency,10.322,18.971
S0101,10.8,gradual_lead_deceleration,dry,Safe,Emergency,10.294,16.839
S0101,11.0,gradual_lead_deceleration,dry,Warning,Emergency,10.301,12.749
S0101,11.2,gradual_lead_deceleration,dry,Safe,Emergency,8.683,15.633
S0101,11.4,gradual_lead_deceleration,dry,Safe,Warning,8.72,10.753
S0101,11.6,gradual_lead_deceleration,dry,Safe,Emergency,8.746,14.104
S0101,11.8,gradual_lead_deceleration,dry,Warning,Emergency,8.715,12.592
S0101,12.0,gradual_lead_deceleration,dry,Warning,Emergency,7.22,12.776
S0101,12.2,gradual_lead_deceleration,dry,Safe,Warning,5.853,11.712
S0101,12.4,gradual_lead_deceleration,dry,Safe,Warning,5.867,9.760
S0101,12.6,gradual_lead_deceleration,dry,Safe,Warning,5.824,10.949
S0101,12.8,gradual_lead_deceleration,dry,Safe,Warning,5.803,9.526
S0101,13.0,gradual_lead_deceleration,dry,Safe,Warning,5.773,8.845
S0101,13.2,gradual_lead_deceleration,dry,Safe,Warning,5.781,8.650
S0101,13.4,gradual_lead_deceleration,dry,Safe,Warning,5.772,8.752
S0101,13.6,gradual_lead_deceleration,dry,Safe,Warning,5.791,9.508
S0101,13.8,gradual_lead_deceleration,dry,Safe,Warning,5.823,9.778
S0101,14.0,gradual_lead_deceleration,dry,Safe,Warning,5.788,10.254
S0101,14.2,gradual_lead_deceleration,dry,Safe,Warning,5.828,8.463
S0101,14.4,gradual_lead_deceleration,dry,Warning,Warning,5.86,8.243
S0101,14.6,gradual_lead_deceleration,dry,Warning,Warning,4.62,6.162
S0101,14.8,gradual_lead_deceleration,dry,Warning,Warning,3.508,9.917
S0101,15.0,gradual_lead_deceleration,dry,Safe,Warning,2.526,5.122
S0101,15.2,gradual_lead_deceleration,dry,Safe,Warning,2.554,4.666
S0101,15.4,gradual_lead_deceleration,dry,Safe,Warning,2.583,5.913
S0101,15.6,gradual_lead_deceleration,dry,Safe,Warning,2.562,5.302
S0101,15.8,gradual_lead_deceleration,dry,Safe,Warning,2.567,4.287
S0013,0.0,gradual_lead_deceleration,dry,Warning,Emergency,35.058,55.276
S0013,0.2,gradual_lead_deceleration,dry,Warning,Warning,31.991,49.344
S0013,0.4,gradual_lead_deceleration,dry,Warning,Warning,29.062,42.067
S0013,0.6,gradual_lead_deceleration,dry,Warning,Safe,26.269,33.444
S0013,0.8,gradual_lead_deceleration,dry,Warning,Safe,23.613,36.268
S0013,1.0,gradual_lead_deceleration,dry,Warning,Safe,21.095,31.034
S0013,1.2,gradual_lead_deceleration,dry,Safe,Warning,18.713,41.213
S0013,1.4,gradual_lead_deceleration,dry,Safe,Warning,18.728,33.685
S0013,1.6,gradual_lead_deceleration,dry,Safe,Safe,18.706,26.947
S0013,1.8,gradual_lead_deceleration,dry,Safe,Warning,18.645,36.994
S0013,2.0,gradual_lead_deceleration,dry,Safe,Warning,18.648,32.603
S0013,2.2,gradual_lead_deceleration,dry,Safe,Safe,18.708,28.297
S0013,2.4,gradual_lead_deceleration,dry,Safe,Safe,18.692,27.995
S0013,2.6,gradual_lead_deceleration,dry,Safe,Safe,18.75,27.454
S0013,2.8,gradual_lead_deceleration,dry,Safe,Safe,18.82,28.165
S0013,3.0,gradual_lead_deceleration,dry,Safe,Warning,18.775,31.378
S0013,3.2,gradual_lead_deceleration,dry,Safe,Warning,18.781,30.233
S0013,3.4,gradual_lead_deceleration,dry,Safe,Safe,18.826,20.634
S0013,3.6,gradual_lead_deceleration,dry,Safe,Warning,18.86,29.375
S0013,3.8,gradual_lead_deceleration,dry,Safe,Warning,18.812,31.301
S0013,4.0,gradual_lead_deceleration,dry,Safe,Warning,18.867,30.687
S0013,4.2,gradual_lead_deceleration,dry,Safe,Warning,18.89,32.284
S0013,4.4,gradual_lead_deceleration,dry,Safe,Warning,18.915,26.886
S0013,4.6,gradual_lead_deceleration,dry,Safe,Emergency,18.973,34.460
S0013,4.8,gradual_lead_deceleration,dry,Safe,Warning,18.999,32.232
S0013,5.0,gradual_lead_deceleration,dry,Safe,Warning,18.916,27.968
S0013,5.2,gradual_lead_deceleration,dry,Safe,Emergency,18.931,40.778
S0013,5.4,gradual_lead_deceleration,dry,Safe,Warning,18.882,28.498
S0013,5.6,gradual_lead_deceleration,dry,Safe,Emergency,18.811,31.462
S0013,5.8,gradual_lead_deceleration,dry,Safe,Emergency,18.874,33.995
S0013,6.0,gradual_lead_deceleration,dry,Safe,Emergency,18.854,31.904
S0013,6.2,gradual_lead_deceleration,dry,Warning,Emergency,18.799,37.279
S0013,6.4,gradual_lead_deceleration,dry,Safe,Emergency,16.549,34.457
S0013,6.6,gradual_lead_deceleration,dry,Safe,Warning,16.525,17.808
S0013,6.8,gradual_lead_deceleration,dry,Safe,Emergency,16.553,27.249
S0013,7.0,gradual_lead_deceleration,dry,Warning,Emergency,16.543,24.150
S0013,7.2,gradual_lead_deceleration,dry,Safe,Emergency,14.43,29.715
S0013,7.4,gradual_lead_deceleration,dry,Safe,Emergency,14.403,24.144
S0013,7.6,gradual_lead_deceleration,dry,Warning,Emergency,14.425,25.020
S0013,7.8,gradual_lead_deceleration,dry,Safe,Emergency,12.449,21.519
S0013,8.0,gradual_lead_deceleration,dry,Safe,Emergency,12.503,24.334
S0013,8.2,gradual_lead_deceleration,dry,Safe,Emergency,12.496,19.386
S0013,8.4,gradual_lead_deceleration,dry,Warning,Warning,12.56,14.646
S0013,8.6,gradual_lead_deceleration,dry,Safe,Emergency,10.714,20.369
S0013,8.8,gradual_lead_deceleration,dry,Warning,Emergency,10.676,21.551
S0013,9.0,gradual_lead_deceleration,dry,Safe,Emergency,8.971,22.990
S0013,9.2,gradual_lead_deceleration,dry,Safe,Emergency,8.936,15.534
S0013,9.4,gradual_lead_deceleration,dry,Warning,Emergency,8.913,18.423
S0013,9.6,gradual_lead_deceleration,dry,Safe,Emergency,7.352,21.366
S0013,9.8,gradual_lead_deceleration,dry,Safe,Emergency,7.354,17.054
S0013,10.0,gradual_lead_deceleration,dry,Warning,Warning,7.32,12.154
S0013,10.2,gradual_lead_deceleration,dry,Safe,Emergency,5.9,14.433
S0013,10.4,gradual_lead_deceleration,dry,Warning,Warning,5.933,8.129
S0013,10.6,gradual_lead_deceleration,dry,Warning,Emergency,4.649,14.810
S0013,10.8,gradual_lead_deceleration,dry,Warning,Warning,3.505,9.428
S0013,11.0,gradual_lead_deceleration,dry,Warning,Warning,2.502,6.723
S0013,11.2,gradual_lead_deceleration,dry,Safe,Warning,1.64,4.403
S0013,11.4,gradual_lead_deceleration,dry,Safe,Warning,1.646,4.234
S0013,11.6,gradual_lead_deceleration,dry,Safe,Warning,1.635,3.784
S0013,11.8,gradual_lead_deceleration,dry,Safe,Warning,1.643,4.621
S0013,12.0,gradual_lead_deceleration,dry,Safe,Warning,1.627,3.282
S0013,12.2,gradual_lead_deceleration,dry,Safe,Warning,1.6,4.465
S0013,12.4,gradual_lead_deceleration,dry,Safe,Warning,1.621,2.868
S0013,12.6,gradual_lead_deceleration,dry,Safe,Warning,1.616,3.432
S0013,12.8,gradual_lead_deceleration,dry,Warning,Warning,1.643,5.084
S0013,13.0,gradual_lead_deceleration,dry,Safe,Warning,0.923,4.785
S0013,13.2,gradual_lead_deceleration,dry,Safe,Safe,0.923,2.697
S0013,13.4,gradual_lead_deceleration,dry,Safe,Safe,0.927,1.961
S0013,13.6,gradual_lead_deceleration,dry,Safe,Safe,0.917,2.391
S0013,13.8,gradual_lead_deceleration,dry,Safe,Safe,0.905,3.255
S0013,14.0,gradual_lead_deceleration,dry,Safe,Safe,0.901,3.219
S0013,14.2,gradual_lead_deceleration,dry,Safe,Safe,0.884,3.135
S0013,14.4,gradual_lead_deceleration,dry,Safe,Safe,0.882,1.684
S0013,14.6,gradual_lead_deceleration,dry,Safe,Safe,0.874,1.759
S0013,14.8,gradual_lead_deceleration,dry,Safe,Safe,0.875,1.967
S0013,15.0,gradual_lead_deceleration,dry,Safe,Safe,0.877,3.374
S0013,15.2,gradual_lead_deceleration,dry,Safe,Safe,0.877,2.206
S0013,15.4,gradual_lead_deceleration,dry,Safe,Safe,0.888,1.445
S0013,15.6,gradual_lead_deceleration,dry,Safe,Safe,0.892,2.375
S0013,15.8,gradual_lead_deceleration,dry,Safe,Safe,0.898,2.108
S0258,0.0,sudden_lead_braking,dry,Emergency,Warning,51.198,61.169
S0258,0.2,sudden_lead_braking,dry,Emergency,Warning,47.06,56.127
S0258,0.4,sudden_lead_braking,dry,Emergency,Safe,43.1,44.038
S0258,0.6,sudden_lead_braking,dry,Emergency,Warning,39.315,60.176
S0258,0.8,sudden_lead_braking,dry,Emergency,Warning,35.705,54.585
S0258,1.0,sudden_lead_braking,dry,Emergency,Safe,32.27,40.381
S0258,1.2,sudden_lead_braking,dry,Warning,Safe,29.008,42.378
S0258,1.4,sudden_lead_braking,dry,Warning,Safe,25.918,39.168
S0258,1.6,sudden_lead_braking,dry,Warning,Safe,23.001,27.879
S0258,1.8,sudden_lead_braking,dry,Warning,Safe,20.256,28.900
S0258,2.0,sudden_lead_braking,dry,Warning,Safe,17.682,25.691
S0258,2.2,sudden_lead_braking,dry,Warning,Safe,15.28,19.683
S0258,2.4,sudden_lead_braking,dry,Safe,Safe,13.049,16.773
S0258,2.6,sudden_lead_braking,dry,Safe,Safe,13.007,17.565
S0258,2.8,sudden_lead_braking,dry,Safe,Safe,12.976,23.439
S0258,3.0,sudden_lead_braking,dry,Safe,Safe,12.914,18.815
S0258,3.2,sudden_lead_braking,dry,Safe,Safe,12.847,21.994
S0258,3.4,sudden_lead_braking,dry,Warning,Safe,12.863,13.298
S0258,3.6,sudden_lead_braking,dry,Warning,Safe,10.82,16.827
S0258,3.8,sudden_lead_braking,dry,Safe,Safe,8.948,15.804
S0258,4.0,sudden_lead_braking,dry,Safe,Safe,8.968,13.665
S0258,4.2,sudden_lead_braking,dry,Safe,Safe,8.994,13.181
S0258,4.4,sudden_lead_braking,dry,Warning,Safe,8.937,13.945
S0258,4.6,sudden_lead_braking,dry,Safe,Safe,7.24,13.866
S0258,4.8,sudden_lead_braking,dry,Safe,Safe,7.192,8.657
S0258,5.0,sudden_lead_braking,dry,Safe,Safe,7.205,10.499
S0258,5.2,sudden_lead_braking,dry,Safe,Safe,7.243,15.234
S0258,5.4,sudden_lead_braking,dry,Safe,Safe,7.29,13.902
S0258,5.6,sudden_lead_braking,dry,Warning,Safe,7.253,13.161
S0258,5.8,sudden_lead_braking,dry,Safe,Safe,5.727,11.107
S0258,6.0,sudden_lead_braking,dry,Safe,Safe,5.764,6.734
S0258,6.2,sudden_lead_braking,dry,Safe,Safe,5.805,11.459
S0258,6.4,sudden_lead_braking,dry,Safe,Safe,5.833,8.385
S0258,6.6,sudden_lead_braking,dry,Safe,Safe,5.845,8.460
S0258,6.8,sudden_lead_braking,dry,Safe,Safe,5.8,9.184
S0258,7.0,sudden_lead_braking,dry,Safe,Safe,5.834,8.591
S0258,7.2,sudden_lead_braking,dry,Safe,Safe,5.819,6.104
S0258,7.4,sudden_lead_braking,dry,Safe,Safe,5.796,10.127
S0258,7.6,sudden_lead_braking,dry,Safe,Safe,5.83,8.107
S0258,7.8,sudden_lead_braking,dry,Safe,Safe,5.779,12.985
S0258,8.0,sudden_lead_braking,dry,Warning,Safe,5.788,8.054
S0258,8.2,sudden_lead_braking,dry,Safe,Safe,4.429,7.025
S0258,8.4,sudden_lead_braking,dry,Safe,Safe,4.414,7.553
S0258,8.6,sudden_lead_braking,dry,Safe,Safe,4.425,8.167
S0258,8.8,sudden_lead_braking,dry,Safe,Safe,4.446,8.622
S0258,9.0,sudden_lead_braking,dry,Safe,Safe,4.48,7.793
S0258,9.2,sudden_lead_braking,dry,Safe,Safe,4.473,8.610
S0258,9.4,sudden_lead_braking,dry,Safe,Safe,4.494,9.271
S0258,9.6,sudden_lead_braking,dry,Safe,Safe,4.461,7.534
S0258,9.8,sudden_lead_braking,dry,Safe,Safe,4.479,9.298
S0258,10.0,sudden_lead_braking,dry,Safe,Safe,4.516,7.753
S0258,10.2,sudden_lead_braking,dry,Safe,Safe,4.494,9.242
S0258,10.4,sudden_lead_braking,dry,Safe,Safe,4.498,6.596
S0258,10.6,sudden_lead_braking,dry,Safe,Safe,4.458,9.818
S0258,10.8,sudden_lead_braking,dry,Safe,Safe,4.459,10.744
S0258,11.0,sudden_lead_braking,dry,Safe,Safe,4.5,6.273
S0258,11.2,sudden_lead_braking,dry,Safe,Safe,4.457,5.214
S0258,11.4,sudden_lead_braking,dry,Safe,Safe,4.487,10.305
S0258,11.6,sudden_lead_braking,dry,Warning,Safe,4.484,10.435
S0258,11.8,sudden_lead_braking,dry,Safe,Safe,3.293,6.682
S0258,12.0,sudden_lead_braking,dry,Safe,Safe,3.261,4.746
S0258,12.2,sudden_lead_braking,dry,Safe,Safe,3.293,7.437
S0258,12.4,sudden_lead_braking,dry,Safe,Safe,3.276,7.702
S0258,12.6,sudden_lead_braking,dry,Safe,Safe,3.248,5.655
S0258,12.8,sudden_lead_braking,dry,Safe,Safe,3.223,5.248
S0258,13.0,sudden_lead_braking,dry,Safe,Safe,3.196,4.671
S0258,13.2,sudden_lead_braking,dry,Safe,Safe,3.182,4.059
S0258,13.4,sudden_lead_braking,dry,Safe,Safe,3.185,7.681
S0258,13.6,sudden_lead_braking,dry,Safe,Safe,3.203,4.997
S0258,13.8,sudden_lead_braking,dry,Safe,Safe,3.22,6.569
S0258,14.0,sudden_lead_braking,dry,Safe,Safe,3.192,4.997
S0258,14.2,sudden_lead_braking,dry,Safe,Safe,3.231,6.617
S0258,14.4,sudden_lead_braking,dry,Safe,Safe,3.2,4.551
S0258,14.6,sudden_lead_braking,dry,Safe,Safe,3.217,7.212
S0258,14.8,sudden_lead_braking,dry,Safe,Safe,3.227,5.799
S0258,15.0,sudden_lead_braking,dry,Safe,Safe,3.265,5.425
S0258,15.2,sudden_lead_braking,dry,Safe,Safe,3.251,4.538
S0258,15.4,sudden_lead_braking,dry,Safe,Safe,3.224,5.497
S0258,15.6,sudden_lead_braking,dry,Safe,Safe,3.251,5.466
S0258,15.8,sudden_lead_braking,dry,Safe,Safe,3.262,6.935
S0119,0.0,high_speed_approach,dry,Safe,Emergency,59.121,63.637
S0119,0.2,high_speed_approach,dry,Safe,Emergency,59.16,60.334
S0119,0.4,high_speed_approach,dry,Safe,Emergency,59.128,72.238
S0119,0.6,high_speed_approach,dry,Safe,Emergency,59.098,60.118
S0119,0.8,high_speed_approach,dry,Safe,Emergency,59.143,45.009
S0119,1.0,high_speed_approach,dry,Safe,Emergency,59.121,59.712
S0119,1.2,high_speed_approach,dry,Safe,Emergency,59.046,67.810
S0119,1.4,high_speed_approach,dry,Safe,Emergency,59.178,53.498
S0119,1.6,high_speed_approach,dry,Safe,Emergency,59.205,47.880
S0119,1.8,high_speed_approach,dry,Warning,Emergency,59.265,50.641
S0119,2.0,high_speed_approach,dry,Safe,Emergency,55.283,46.655
S0119,2.2,high_speed_approach,dry,Safe,Emergency,55.31,60.180
S0119,2.4,high_speed_approach,dry,Safe,Emergency,55.431,48.637
S0119,2.6,high_speed_approach,dry,Warning,Emergency,55.321,64.226
S0119,2.8,high_speed_approach,dry,Safe,Emergency,51.476,61.490
S0119,3.0,high_speed_approach,dry,Safe,Emergency,51.343,59.649
S0119,3.2,high_speed_approach,dry,Safe,Emergency,51.208,51.657
S0119,3.4,high_speed_approach,dry,Warning,Emergency,51.233,46.752
S0119,3.6,high_speed_approach,dry,Safe,Emergency,47.536,39.698
S0119,3.8,high_speed_approach,dry,Safe,Emergency,47.658,55.579
S0119,4.0,high_speed_approach,dry,Safe,Emergency,47.549,46.715
S0119,4.2,high_speed_approach,dry,Safe,Emergency,47.532,44.633
S0119,4.4,high_speed_approach,dry,Warning,Emergency,47.531,52.582
S0119,4.6,high_speed_approach,dry,Safe,Emergency,43.97,43.104
S0119,4.8,high_speed_approach,dry,Safe,Emergency,43.862,33.501
S0119,5.0,high_speed_approach,dry,Safe,Emergency,43.863,40.222
S0119,5.2,high_speed_approach,dry,Warning,Emergency,43.948,42.539
S0119,5.4,high_speed_approach,dry,Safe,Emergency,40.525,46.753
S0119,5.6,high_speed_approach,dry,Safe,Emergency,40.575,44.082
S0119,5.8,high_speed_approach,dry,Safe,Emergency,40.514,43.315
S0119,6.0,high_speed_approach,dry,Safe,Emergency,40.578,43.567
S0119,6.2,high_speed_approach,dry,Warning,Emergency,40.468,46.135
S0119,6.4,high_speed_approach,dry,Safe,Emergency,37.183,41.339
S0119,6.6,high_speed_approach,dry,Safe,Emergency,37.218,38.813
S0119,6.8,high_speed_approach,dry,Safe,Emergency,37.302,36.547
S0119,7.0,high_speed_approach,dry,Warning,Emergency,37.212,48.451
S0119,7.2,high_speed_approach,dry,Safe,Emergency,34.062,29.672
S0119,7.4,high_speed_approach,dry,Safe,Emergency,34.084,43.215
S0119,7.6,high_speed_approach,dry,Safe,Emergency,34.129,28.395
S0119,7.8,high_speed_approach,dry,Safe,Emergency,34.191,43.485
S0119,8.0,high_speed_approach,dry,Warning,Emergency,34.287,29.673
S0119,8.2,high_speed_approach,dry,Warning,Emergency,31.263,31.402
S0119,8.4,high_speed_approach,dry,Warning,Emergency,28.374,44.751
S0119,8.6,high_speed_approach,dry,Safe,Emergency,25.62,21.214
S0119,8.8,high_speed_approach,dry,Safe,Emergency,25.709,28.902
S0119,9.0,high_speed_approach,dry,Safe,Emergency,25.756,25.314
S0119,9.2,high_speed_approach,dry,Safe,Emergency,25.841,32.034
S0119,9.4,high_speed_approach,dry,Safe,Emergency,25.88,24.204
S0119,9.6,high_speed_approach,dry,Safe,Emergency,25.958,28.538
S0119,9.8,high_speed_approach,dry,Safe,Emergency,26.001,31.851
S0119,10.0,high_speed_approach,dry,Safe,Emergency,26.034,28.960
S0119,10.2,high_speed_approach,dry,Safe,Emergency,26.113,23.664
S0119,10.4,high_speed_approach,dry,Safe,Emergency,26.085,33.705
S0119,10.6,high_speed_approach,dry,Safe,Emergency,26.104,36.620
S0119,10.8,high_speed_approach,dry,Safe,Emergency,26.17,25.128
S0119,11.0,high_speed_approach,dry,Safe,Emergency,26.269,23.383
S0119,11.2,high_speed_approach,dry,Safe,Emergency,26.24,29.373
S0119,11.4,high_speed_approach,dry,Safe,Emergency,26.286,28.314
S0119,11.6,high_speed_approach,dry,Safe,Emergency,26.209,30.626
S0119,11.8,high_speed_approach,dry,Safe,Emergency,26.183,30.766
S0119,12.0,high_speed_approach,dry,Safe,Emergency,26.17,20.828
S0119,12.2,high_speed_approach,dry,Safe,Emergency,26.17,20.134
S0119,12.4,high_speed_approach,dry,Safe,Emergency,26.166,27.789
S0119,12.6,high_speed_approach,dry,Safe,Emergency,26.225,24.229
S0119,12.8,high_speed_approach,dry,Safe,Emergency,26.261,31.442
S0119,13.0,high_speed_approach,dry,Safe,Emergency,26.319,26.726
S0119,13.2,high_speed_approach,dry,Safe,Emergency,26.295,35.128
S0119,13.4,high_speed_approach,dry,Safe,Emergency,26.374,27.912
S0119,13.6,high_speed_approach,dry,Safe,Emergency,26.281,23.042
S0119,13.8,high_speed_approach,dry,Safe,Emergency,26.221,30.348
S0119,14.0,high_speed_approach,dry,Safe,Emergency,26.256,35.722
S0119,14.2,high_speed_approach,dry,Safe,Emergency,26.256,24.092
S0119,14.4,high_speed_approach,dry,Safe,Emergency,26.165,28.252
S0119,14.6,high_speed_approach,dry,Safe,Emergency,26.136,31.226
S0119,14.8,high_speed_approach,dry,Safe,Emergency,26.201,30.036
S0119,15.0,high_speed_approach,dry,Safe,Emergency,26.199,30.584
S0119,15.2,high_speed_approach,dry,Safe,Emergency,26.258,30.224
S0119,15.4,high_speed_approach,dry,Safe,Emergency,26.229,29.396
S0119,15.6,high_speed_approach,dry,Safe,Emergency,26.145,24.820
S0119,15.8,high_speed_approach,dry,Safe,Emergency,26.142,31.229
S0111,0.0,high_speed_approach,dry,Safe,Emergency,63.762,69.243
S0111,0.2,high_speed_approach,dry,Safe,Emergency,63.917,67.435
S0111,0.4,high_speed_approach,dry,Safe,Emergency,63.833,87.691
S0111,0.6,high_speed_approach,dry,Safe,Emergency,63.844,72.280
S0111,0.8,high_speed_approach,dry,Safe,Emergency,63.96,62.426
S0111,1.0,high_speed_approach,dry,Safe,Emergency,64.07,79.316
S0111,1.2,high_speed_approach,dry,Safe,Emergency,63.984,82.597
S0111,1.4,high_speed_approach,dry,Safe,Emergency,64.028,61.064
S0111,1.6,high_speed_approach,dry,Safe,Emergency,64.176,78.469
S0111,1.8,high_speed_approach,dry,Safe,Emergency,64.233,71.218
S0111,2.0,high_speed_approach,dry,Safe,Emergency,64.269,64.086
S0111,2.2,high_speed_approach,dry,Safe,Emergency,64.225,92.899
S0111,2.4,high_speed_approach,dry,Safe,Emergency,64.265,75.314
S0111,2.6,high_speed_approach,dry,Safe,Emergency,64.384,53.213
S0111,2.8,high_speed_approach,dry,Safe,Emergency,64.439,72.009
S0111,3.0,high_speed_approach,dry,Safe,Emergency,64.513,76.368
S0111,3.2,high_speed_approach,dry,Safe,Emergency,64.394,79.747
S0111,3.4,high_speed_approach,dry,Safe,Emergency,64.486,69.891
S0111,3.6,high_speed_approach,dry,Safe,Emergency,64.394,89.169
S0111,3.8,high_speed_approach,dry,Safe,Emergency,64.301,63.305
S0111,4.0,high_speed_approach,dry,Safe,Emergency,64.41,63.312
S0111,4.2,high_speed_approach,dry,Safe,Emergency,64.553,84.096
S0111,4.4,high_speed_approach,dry,Safe,Emergency,64.567,60.352
S0111,4.6,high_speed_approach,dry,Safe,Emergency,64.554,69.470
S0111,4.8,high_speed_approach,dry,Safe,Emergency,64.535,57.889
S0111,5.0,high_speed_approach,dry,Safe,Emergency,64.68,87.067
S0111,5.2,high_speed_approach,dry,Warning,Emergency,64.743,67.938
S0111,5.4,high_speed_approach,dry,Safe,Emergency,60.374,75.267
S0111,5.6,high_speed_approach,dry,Safe,Emergency,60.463,72.943
S0111,5.8,high_speed_approach,dry,Safe,Emergency,60.391,78.601
S0111,6.0,high_speed_approach,dry,Safe,Emergency,60.432,58.836
S0111,6.2,high_speed_approach,dry,Warning,Emergency,60.367,72.651
S0111,6.4,high_speed_approach,dry,Safe,Emergency,56.154,63.130
S0111,6.6,high_speed_approach,dry,Safe,Emergency,56.183,67.649
S0111,6.8,high_speed_approach,dry,Safe,Emergency,56.209,61.856
S0111,7.0,high_speed_approach,dry,Safe,Emergency,56.324,69.468
S0111,7.2,high_speed_approach,dry,Warning,Emergency,56.324,71.816
S0111,7.4,high_speed_approach,dry,Safe,Emergency,52.26,66.523
S0111,7.6,high_speed_approach,dry,Safe,Emergency,52.194,66.118
S0111,7.8,high_speed_approach,dry,Safe,Emergency,52.139,53.681
S0111,8.0,high_speed_approach,dry,Safe,Emergency,52.208,67.139
S0111,8.2,high_speed_approach,dry,Warning,Emergency,52.269,65.687
S0111,8.4,high_speed_approach,dry,Safe,Emergency,48.358,62.768
S0111,8.6,high_speed_approach,dry,Safe,Emergency,48.312,69.786
S0111,8.8,high_speed_approach,dry,Safe,Emergency,48.378,58.348
S0111,9.0,high_speed_approach,dry,Warning,Emergency,48.44,51.295
S0111,9.2,high_speed_approach,dry,Safe,Emergency,44.679,53.116
S0111,9.4,high_speed_approach,dry,Safe,Emergency,44.58,52.827
S0111,9.6,high_speed_approach,dry,Safe,Emergency,44.482,51.936
S0111,9.8,high_speed_approach,dry,Safe,Emergency,44.481,45.569
S0111,10.0,high_speed_approach,dry,Warning,Emergency,44.438,55.576
S0111,10.2,high_speed_approach,dry,Safe,Emergency,40.84,52.995
S0111,10.4,high_speed_approach,dry,Safe,Emergency,40.783,50.771
S0111,10.6,high_speed_approach,dry,Safe,Emergency,40.708,54.574
S0111,10.8,high_speed_approach,dry,Safe,Emergency,40.621,48.398
S0111,11.0,high_speed_approach,dry,Safe,Emergency,40.748,41.056
S0111,11.2,high_speed_approach,dry,Warning,Emergency,40.739,56.276
S0111,11.4,high_speed_approach,dry,Warning,Emergency,37.297,46.074
S0111,11.6,high_speed_approach,dry,Warning,Emergency,34.006,44.264
S0111,11.8,high_speed_approach,dry,Safe,Emergency,30.866,37.805
S0111,12.0,high_speed_approach,dry,Safe,Emergency,30.803,38.045
S0111,12.2,high_speed_approach,dry,Safe,Emergency,30.876,34.010
S0111,12.4,high_speed_approach,dry,Safe,Emergency,30.812,40.438
S0111,12.6,high_speed_approach,dry,Safe,Emergency,30.727,32.474
S0111,12.8,high_speed_approach,dry,Safe,Emergency,30.838,42.887
S0111,13.0,high_speed_approach,dry,Safe,Emergency,30.873,42.722
S0111,13.2,high_speed_approach,dry,Safe,Emergency,30.865,40.934
S0111,13.4,high_speed_approach,dry,Safe,Emergency,30.869,34.887
S0111,13.6,high_speed_approach,dry,Safe,Emergency,30.766,42.200
S0111,13.8,high_speed_approach,dry,Safe,Emergency,30.734,41.564
S0111,14.0,high_speed_approach,dry,Safe,Emergency,30.719,32.658
S0111,14.2,high_speed_approach,dry,Safe,Emergency,30.615,37.491
S0111,14.4,high_speed_approach,dry,Safe,Emergency,30.725,35.251
S0111,14.6,high_speed_approach,dry,Safe,Emergency,30.79,36.290
S0111,14.8,high_speed_approach,dry,Safe,Emergency,30.784,39.036
S0111,15.0,high_speed_approach,dry,Safe,Emergency,30.847,39.362
S0111,15.2,high_speed_approach,dry,Safe,Emergency,30.877,39.087
S0111,15.4,high_speed_approach,dry,Safe,Emergency,30.86,38.922
S0111,15.6,high_speed_approach,dry,Safe,Emergency,30.779,31.512
S0111,15.8,high_speed_approach,dry,Safe,Emergency,30.686,37.586
S0047,0.0,high_speed_approach,dry,Safe,Emergency,72.137,79.407
S0047,0.2,high_speed_approach,dry,Safe,Emergency,72.07,79.417
S0047,0.4,high_speed_approach,dry,Safe,Emergency,72.122,80.530
S0047,0.6,high_speed_approach,dry,Safe,Emergency,72.25,87.318
S0047,0.8,high_speed_approach,dry,Safe,Emergency,72.367,66.046
S0047,1.0,high_speed_approach,dry,Safe,Emergency,72.375,88.942
S0047,1.2,high_speed_approach,dry,Safe,Emergency,72.506,72.578
S0047,1.4,high_speed_approach,dry,Safe,Emergency,72.367,70.224
S0047,1.6,high_speed_approach,dry,Safe,Emergency,72.495,67.996
S0047,1.8,high_speed_approach,dry,Safe,Emergency,72.641,71.432
S0047,2.0,high_speed_approach,dry,Safe,Emergency,72.508,93.289
S0047,2.2,high_speed_approach,dry,Safe,Emergency,72.411,83.588
S0047,2.4,high_speed_approach,dry,Safe,Emergency,72.338,71.939
S0047,2.6,high_speed_approach,dry,Safe,Emergency,72.192,100.655
S0047,2.8,high_speed_approach,dry,Safe,Emergency,72.292,83.011
S0047,3.0,high_speed_approach,dry,Safe,Emergency,72.158,95.522
S0047,3.2,high_speed_approach,dry,Safe,Emergency,72.011,68.059
S0047,3.4,high_speed_approach,dry,Safe,Emergency,71.865,66.642
S0047,3.6,high_speed_approach,dry,Safe,Emergency,72.009,92.807
S0047,3.8,high_speed_approach,dry,Safe,Emergency,71.924,76.611
S0047,4.0,high_speed_approach,dry,Safe,Emergency,71.952,90.059
S0047,4.2,high_speed_approach,dry,Safe,Emergency,71.878,71.115
S0047,4.4,high_speed_approach,dry,Safe,Emergency,71.896,81.902
S0047,4.6,high_speed_approach,dry,Safe,Emergency,71.956,73.265
S0047,4.8,high_speed_approach,dry,Safe,Emergency,72.096,82.757
S0047,5.0,high_speed_approach,dry,Safe,Emergency,71.998,84.978
S0047,5.2,high_speed_approach,dry,Safe,Emergency,71.944,74.553
S0047,5.4,high_speed_approach,dry,Safe,Emergency,71.952,72.520
S0047,5.6,high_speed_approach,dry,Safe,Emergency,71.799,81.951
S0047,5.8,high_speed_approach,dry,Safe,Emergency,71.92,84.679
S0047,6.0,high_speed_approach,dry,Warning,Emergency,71.935,74.438
S0047,6.2,high_speed_approach,dry,Safe,Emergency,67.467,72.002
S0047,6.4,high_speed_approach,dry,Safe,Emergency,67.323,67.509
S0047,6.6,high_speed_approach,dry,Safe,Emergency,67.389,73.906
S0047,6.8,high_speed_approach,dry,Safe,Emergency,67.294,76.946
S0047,7.0,high_speed_approach,dry,Warning,Emergency,67.323,65.114
S0047,7.2,high_speed_approach,dry,Safe,Emergency,63.006,65.488
S0047,7.4,high_speed_approach,dry,Safe,Emergency,62.907,61.935
S0047,7.6,high_speed_approach,dry,Safe,Emergency,62.882,71.874
S0047,7.8,high_speed_approach,dry,Safe,Emergency,62.837,69.854
S0047,8.0,high_speed_approach,dry,Safe,Emergency,62.834,65.637
S0047,8.2,high_speed_approach,dry,Warning,Emergency,62.723,74.242
S0047,8.4,high_speed_approach,dry,Safe,Emergency,58.56,64.060
S0047,8.6,high_speed_approach,dry,Safe,Emergency,58.457,76.324
S0047,8.8,high_speed_approach,dry,Safe,Emergency,58.542,67.024
S0047,9.0,high_speed_approach,dry,Safe,Emergency,58.627,55.094
S0047,9.2,high_speed_approach,dry,Warning,Emergency,58.5,70.312
S0047,9.4,high_speed_approach,dry,Safe,Emergency,54.483,54.468
S0047,9.6,high_speed_approach,dry,Safe,Emergency,54.583,65.570
S0047,9.8,high_speed_approach,dry,Safe,Emergency,54.533,69.923
S0047,10.0,high_speed_approach,dry,Safe,Emergency,54.57,53.967
S0047,10.2,high_speed_approach,dry,Safe,Emergency,54.659,68.693
S0047,10.4,high_speed_approach,dry,Warning,Emergency,54.56,62.986
S0047,10.6,high_speed_approach,dry,Safe,Emergency,50.684,47.083
S0047,10.8,high_speed_approach,dry,Safe,Emergency,50.712,51.833
S0047,11.0,high_speed_approach,dry,Safe,Emergency,50.729,53.029
S0047,11.2,high_speed_approach,dry,Safe,Emergency,50.636,55.076
S0047,11.4,high_speed_approach,dry,Warning,Emergency,50.671,55.815
S0047,11.6,high_speed_approach,dry,Warning,Emergency,46.937,47.958
S0047,11.8,high_speed_approach,dry,Safe,Emergency,43.346,42.501
S0047,12.0,high_speed_approach,dry,Safe,Emergency,43.405,53.609
S0047,12.2,high_speed_approach,dry,Safe,Emergency,43.442,42.309
S0047,12.4,high_speed_approach,dry,Safe,Emergency,43.466,39.765
S0047,12.6,high_speed_approach,dry,Safe,Emergency,43.439,45.527
S0047,12.8,high_speed_approach,dry,Safe,Emergency,43.331,59.872
S0047,13.0,high_speed_approach,dry,Safe,Emergency,43.267,51.535
S0047,13.2,high_speed_approach,dry,Safe,Emergency,43.362,46.746
S0047,13.4,high_speed_approach,dry,Safe,Emergency,43.283,38.381
S0047,13.6,high_speed_approach,dry,Safe,Emergency,43.216,41.690
S0047,13.8,high_speed_approach,dry,Safe,Emergency,43.327,42.141
S0047,14.0,high_speed_approach,dry,Safe,Emergency,43.318,47.885
S0047,14.2,high_speed_approach,dry,Safe,Emergency,43.236,40.674
S0047,14.4,high_speed_approach,dry,Safe,Emergency,43.327,48.930
S0047,14.6,high_speed_approach,dry,Safe,Emergency,43.268,44.465
S0047,14.8,high_speed_approach,dry,Safe,Emergency,43.368,39.858
S0047,15.0,high_speed_approach,dry,Safe,Emergency,43.268,44.428
S0047,15.2,high_speed_approach,dry,Safe,Emergency,43.312,42.328
S0047,15.4,high_speed_approach,dry,Safe,Emergency,43.253,53.237
S0047,15.6,high_speed_approach,dry,Safe,Emergency,43.284,53.431
S0047,15.8,high_speed_approach,dry,Safe,Emergency,43.376,63.635
S0015,0.0,high_speed_approach,wet_low_adhesion,Warning,Emergency,212.434,168.179
S0015,0.2,high_speed_approach,wet_low_adhesion,Warning,Emergency,206.727,232.283
S0015,0.4,high_speed_approach,wet_low_adhesion,Warning,Emergency,201.095,243.116
S0015,0.6,high_speed_approach,wet_low_adhesion,Warning,Emergency,195.537,184.668
S0015,0.8,high_speed_approach,wet_low_adhesion,Warning,Emergency,190.052,215.559
S0015,1.0,high_speed_approach,wet_low_adhesion,Warning,Emergency,184.642,191.169
S0015,1.2,high_speed_approach,wet_low_adhesion,Warning,Emergency,179.305,174.588
S0015,1.4,high_speed_approach,wet_low_adhesion,Safe,Emergency,174.042,116.163
S0015,1.6,high_speed_approach,wet_low_adhesion,Safe,Emergency,173.881,145.895
S0015,1.8,high_speed_approach,wet_low_adhesion,Warning,Emergency,173.951,166.166
S0015,2.0,high_speed_approach,wet_low_adhesion,Safe,Emergency,168.763,175.683
S0015,2.2,high_speed_approach,wet_low_adhesion,Warning,Emergency,168.404,183.996
S0015,2.4,high_speed_approach,wet_low_adhesion,Safe,Emergency,163.294,171.559
S0015,2.6,high_speed_approach,wet_low_adhesion,Safe,Emergency,163.592,170.581
S0015,2.8,high_speed_approach,wet_low_adhesion,Warning,Emergency,163.695,195.619
S0015,3.0,high_speed_approach,wet_low_adhesion,Safe,Emergency,158.653,156.951
S0015,3.2,high_speed_approach,wet_low_adhesion,Warning,Emergency,158.282,129.760
S0015,3.4,high_speed_approach,wet_low_adhesion,Safe,Emergency,153.32,200.489
S0015,3.6,high_speed_approach,wet_low_adhesion,Safe,Emergency,152.965,205.686
S0015,3.8,high_speed_approach,wet_low_adhesion,Warning,Emergency,152.869,180.836
S0015,4.0,high_speed_approach,wet_low_adhesion,Safe,Emergency,147.988,126.099
S0015,4.2,high_speed_approach,wet_low_adhesion,Safe,Emergency,148.141,94.162
S0015,4.4,high_speed_approach,wet_low_adhesion,Warning,Emergency,148.379,130.068
S0015,4.6,high_speed_approach,wet_low_adhesion,Safe,Emergency,143.566,133.548
S0015,4.8,high_speed_approach,wet_low_adhesion,Warning,Emergency,143.358,127.563
S0015,5.0,high_speed_approach,wet_low_adhesion,Safe,Emergency,138.623,123.481
S0015,5.2,high_speed_approach,wet_low_adhesion,Warning,Emergency,138.824,146.993
S0015,5.4,high_speed_approach,wet_low_adhesion,Safe,Emergency,134.162,124.859
S0015,5.6,high_speed_approach,wet_low_adhesion,Warning,Emergency,134.49,116.346
S0015,5.8,high_speed_approach,wet_low_adhesion,Safe,Emergency,129.897,112.655
S0015,6.0,high_speed_approach,wet_low_adhesion,Warning,Emergency,129.573,87.886
S0015,6.2,high_speed_approach,wet_low_adhesion,Safe,Emergency,125.062,91.682
S0015,6.4,high_speed_approach,wet_low_adhesion,Safe,Emergency,125.175,90.602
S0015,6.6,high_speed_approach,wet_low_adhesion,Warning,Emergency,125.077,104.246
S0015,6.8,high_speed_approach,wet_low_adhesion,Safe,Emergency,120.642,103.227
S0015,7.0,high_speed_approach,wet_low_adhesion,Safe,Emergency,120.526,109.920
S0015,7.2,high_speed_approach,wet_low_adhesion,Warning,Emergency,120.634,100.878
S0015,7.4,high_speed_approach,wet_low_adhesion,Safe,Emergency,116.276,93.708
S0015,7.6,high_speed_approach,wet_low_adhesion,Safe,Emergency,116.61,108.460
S0015,7.8,high_speed_approach,wet_low_adhesion,Warning,Emergency,116.723,101.913
S0015,8.0,high_speed_approach,wet_low_adhesion,Safe,Emergency,112.435,131.460
S0015,8.2,high_speed_approach,wet_low_adhesion,Safe,Emergency,112.197,84.370
S0015,8.4,high_speed_approach,wet_low_adhesion,Safe,Emergency,112.554,96.603
S0015,8.6,high_speed_approach,wet_low_adhesion,Warning,Emergency,112.565,96.825
S0015,8.8,high_speed_approach,wet_low_adhesion,Safe,Emergency,108.352,143.477
S0015,9.0,high_speed_approach,wet_low_adhesion,Safe,Emergency,108.16,99.773
S0015,9.2,high_speed_approach,wet_low_adhesion,Safe,Emergency,107.836,108.618
S0015,9.4,high_speed_approach,wet_low_adhesion,Warning,Emergency,108.046,72.394
S0015,9.6,high_speed_approach,wet_low_adhesion,Safe,Emergency,103.918,76.979
S0015,9.8,high_speed_approach,wet_low_adhesion,Safe,Emergency,104.055,115.092
S0015,10.0,high_speed_approach,wet_low_adhesion,Warning,Emergency,104.197,97.877
S0015,10.2,high_speed_approach,wet_low_adhesion,Safe,Emergency,100.143,108.696
S0015,10.4,high_speed_approach,wet_low_adhesion,Safe,Emergency,100.16,95.117
S0015,10.6,high_speed_approach,wet_low_adhesion,Warning,Emergency,100.368,92.616
S0015,10.8,high_speed_approach,wet_low_adhesion,Safe,Emergency,96.389,95.349
S0015,11.0,high_speed_approach,wet_low_adhesion,Safe,Emergency,96.274,103.031
S0015,11.2,high_speed_approach,wet_low_adhesion,Safe,Emergency,96.193,112.083
S0015,11.4,high_speed_approach,wet_low_adhesion,Warning,Emergency,96.421,88.164
S0015,11.6,high_speed_approach,wet_low_adhesion,Safe,Emergency,92.522,101.618
S0015,11.8,high_speed_approach,wet_low_adhesion,Safe,Emergency,92.31,76.842
S0015,12.0,high_speed_approach,wet_low_adhesion,Safe,Emergency,91.991,67.201
S0015,12.2,high_speed_approach,wet_low_adhesion,Warning,Emergency,92.147,84.750
S0015,12.4,high_speed_approach,wet_low_adhesion,Safe,Emergency,88.337,85.914
S0015,12.6,high_speed_approach,wet_low_adhesion,Safe,Emergency,88.101,87.627
S0015,12.8,high_speed_approach,wet_low_adhesion,Safe,Emergency,88.082,77.031
S0015,13.0,high_speed_approach,wet_low_adhesion,Warning,Emergency,87.792,108.803
S0015,13.2,high_speed_approach,wet_low_adhesion,Safe,Emergency,84.076,81.325
S0015,13.4,high_speed_approach,wet_low_adhesion,Safe,Emergency,84.014,57.742
S0015,13.6,high_speed_approach,wet_low_adhesion,Safe,Emergency,83.753,82.850
S0015,13.8,high_speed_approach,wet_low_adhesion,Safe,Emergency,83.764,79.527
S0015,14.0,high_speed_approach,wet_low_adhesion,Safe,Emergency,83.8,96.436
S0015,14.2,high_speed_approach,wet_low_adhesion,Safe,Emergency,83.847,95.648
S0015,14.4,high_speed_approach,wet_low_adhesion,Safe,Emergency,83.79,72.549
S0015,14.6,high_speed_approach,wet_low_adhesion,Warning,Emergency,84.101,91.914
S0015,14.8,high_speed_approach,wet_low_adhesion,Warning,Emergency,80.467,78.446
S0015,15.0,high_speed_approach,wet_low_adhesion,Warning,Emergency,76.916,83.298
S0015,15.2,high_speed_approach,wet_low_adhesion,Safe,Emergency,73.449,75.373
S0015,15.4,high_speed_approach,wet_low_adhesion,Safe,Emergency,73.305,89.720
S0015,15.6,high_speed_approach,wet_low_adhesion,Safe,Emergency,73.056,85.162
S0015,15.8,high_speed_approach,wet_low_adhesion,Safe,Emergency,73.119,73.479
S0016,0.0,stable_following,dry,Safe,Emergency,60.536,89.453
S0016,0.2,stable_following,dry,Safe,Emergency,60.599,85.546
S0016,0.4,stable_following,dry,Safe,Emergency,60.657,82.986
S0016,0.6,stable_following,dry,Safe,Emergency,60.503,84.488
S0016,0.8,stable_following,dry,Safe,Emergency,60.513,85.696
S0016,1.0,stable_following,dry,Safe,Emergency,60.652,82.495
S0016,1.2,stable_following,dry,Safe,Emergency,60.734,80.008
S0016,1.4,stable_following,dry,Safe,Emergency,60.623,76.180
S0016,1.6,stable_following,dry,Safe,Emergency,60.762,89.527
S0016,1.8,stable_following,dry,Safe,Warning,60.841,61.510
S0016,2.0,stable_following,dry,Safe,Emergency,60.694,76.849
S0016,2.2,stable_following,dry,Safe,Emergency,60.662,96.632
S0016,2.4,stable_following,dry,Safe,Emergency,60.814,80.493
S0016,2.6,stable_following,dry,Safe,Emergency,60.95,89.899
S0016,2.8,stable_following,dry,Safe,Emergency,60.975,91.926
S0016,3.0,stable_following,dry,Safe,Emergency,61.056,87.812
S0016,3.2,stable_following,dry,Safe,Emergency,61.068,83.426
S0016,3.4,stable_following,dry,Safe,Emergency,61.148,78.304
S0016,3.6,stable_following,dry,Safe,Emergency,61.201,80.313
S0016,3.8,stable_following,dry,Safe,Emergency,61.278,79.809
S0016,4.0,stable_following,dry,Safe,Emergency,61.121,84.145
S0016,4.2,stable_following,dry,Safe,Emergency,61.101,86.501
S0016,4.4,stable_following,dry,Safe,Emergency,61.063,66.779
S0016,4.6,stable_following,dry,Safe,Emergency,61.206,74.762
S0016,4.8,stable_following,dry,Safe,Emergency,61.313,80.698
S0016,5.0,stable_following,dry,Safe,Emergency,61.187,85.047
S0016,5.2,stable_following,dry,Safe,Emergency,61.203,93.250
S0016,5.4,stable_following,dry,Safe,Emergency,61.335,91.165
S0016,5.6,stable_following,dry,Safe,Emergency,61.249,74.511
S0016,5.8,stable_following,dry,Safe,Emergency,61.16,86.446
S0016,6.0,stable_following,dry,Safe,Emergency,61.233,88.125
S0016,6.2,stable_following,dry,Safe,Emergency,61.375,87.773
S0016,6.4,stable_following,dry,Safe,Warning,61.505,69.529
S0016,6.6,stable_following,dry,Safe,Emergency,61.492,89.582
S0016,6.8,stable_following,dry,Safe,Emergency,61.37,80.502
S0016,7.0,stable_following,dry,Safe,Warning,61.467,59.310
S0016,7.2,stable_following,dry,Safe,Emergency,61.356,86.809
S0016,7.4,stable_following,dry,Safe,Emergency,61.326,92.787
S0016,7.6,stable_following,dry,Safe,Emergency,61.307,81.882
S0016,7.8,stable_following,dry,Safe,Emergency,61.436,78.927
S0016,8.0,stable_following,dry,Safe,Warning,61.379,71.993
S0016,8.2,stable_following,dry,Safe,Emergency,61.279,78.665
S0016,8.4,stable_following,dry,Safe,Warning,61.208,73.329
S0016,8.6,stable_following,dry,Safe,Emergency,61.083,88.161
S0016,8.8,stable_following,dry,Safe,Emergency,60.943,88.902
S0016,9.0,stable_following,dry,Safe,Emergency,60.846,83.277
S0016,9.2,stable_following,dry,Safe,Emergency,60.782,87.498
S0016,9.4,stable_following,dry,Safe,Emergency,60.8,88.923
S0016,9.6,stable_following,dry,Safe,Emergency,60.778,87.988
S0016,9.8,stable_following,dry,Safe,Emergency,60.617,91.863
S0016,10.0,stable_following,dry,Safe,Emergency,60.629,81.522
S0016,10.2,stable_following,dry,Safe,Emergency,60.471,97.366
S0016,10.4,stable_following,dry,Safe,Emergency,60.337,83.040
S0016,10.6,stable_following,dry,Safe,Emergency,60.22,77.572
S0016,10.8,stable_following,dry,Safe,Emergency,60.265,84.970
S0016,11.0,stable_following,dry,Safe,Emergency,60.147,81.981
S0016,11.2,stable_following,dry,Safe,Emergency,60.17,84.915
S0016,11.4,stable_following,dry,Safe,Emergency,60.232,84.238
S0016,11.6,stable_following,dry,Safe,Warning,60.08,69.436
S0016,11.8,stable_following,dry,Safe,Warning,60.15,78.981
S0016,12.0,stable_following,dry,Safe,Emergency,60.215,86.434
S0016,12.2,stable_following,dry,Safe,Emergency,60.067,82.673
S0016,12.4,stable_following,dry,Safe,Emergency,60.208,95.569
S0016,12.6,stable_following,dry,Safe,Emergency,60.184,91.632
S0016,12.8,stable_following,dry,Safe,Warning,60.22,72.121
S0016,13.0,stable_following,dry,Safe,Warning,60.178,81.199
S0016,13.2,stable_following,dry,Safe,Warning,60.118,72.527
S0016,13.4,stable_following,dry,Safe,Emergency,60.144,91.914
S0016,13.6,stable_following,dry,Safe,Safe,60.114,66.730
S0016,13.8,stable_following,dry,Safe,Emergency,59.992,83.193
S0016,14.0,stable_following,dry,Safe,Emergency,59.868,95.127
S0016,14.2,stable_following,dry,Safe,Warning,59.772,83.268
S0016,14.4,stable_following,dry,Safe,Emergency,59.733,89.976
S0016,14.6,stable_following,dry,Safe,Warning,59.613,76.033
S0016,14.8,stable_following,dry,Safe,Warning,59.593,82.220
S0016,15.0,stable_following,dry,Safe,Warning,59.658,80.355
S0016,15.2,stable_following,dry,Safe,Emergency,59.634,86.686
S0016,15.4,stable_following,dry,Safe,Warning,59.679,81.212
S0016,15.6,stable_following,dry,Safe,Emergency,59.707,87.422
S0016,15.8,stable_following,dry,Safe,Warning,59.762,82.935
S0216,0.0,stable_following,dry,Safe,Warning,47.177,65.871
S0216,0.2,stable_following,dry,Safe,Warning,47.093,56.437
S0216,0.4,stable_following,dry,Safe,Safe,47.213,42.638
S0216,0.6,stable_following,dry,Safe,Warning,47.196,63.992
S0216,0.8,stable_following,dry,Safe,Emergency,47.121,71.087
S0216,1.0,stable_following,dry,Safe,Safe,47.146,53.412
S0216,1.2,stable_following,dry,Safe,Warning,47.231,59.883
S0216,1.4,stable_following,dry,Safe,Emergency,47.217,76.198
S0216,1.6,stable_following,dry,Safe,Emergency,47.206,68.462
S0216,1.8,stable_following,dry,Safe,Emergency,47.173,67.288
S0216,2.0,stable_following,dry,Safe,Safe,47.101,51.334
S0216,2.2,stable_following,dry,Safe,Warning,47.109,55.414
S0216,2.4,stable_following,dry,Safe,Warning,47.238,59.654
S0216,2.6,stable_following,dry,Safe,Warning,47.356,56.529
S0216,2.8,stable_following,dry,Safe,Warning,47.386,58.356
S0216,3.0,stable_following,dry,Safe,Emergency,47.397,73.931
S0216,3.2,stable_following,dry,Safe,Warning,47.3,56.249
S0216,3.4,stable_following,dry,Safe,Warning,47.17,53.892
S0216,3.6,stable_following,dry,Safe,Safe,47.072,49.788
S0216,3.8,stable_following,dry,Safe,Safe,47.167,47.524
S0216,4.0,stable_following,dry,Safe,Emergency,47.18,71.607
S0216,4.2,stable_following,dry,Safe,Emergency,47.185,64.701
S0216,4.4,stable_following,dry,Safe,Warning,47.296,56.038
S0216,4.6,stable_following,dry,Safe,Warning,47.222,61.811
S0216,4.8,stable_following,dry,Safe,Safe,47.228,44.691
S0216,5.0,stable_following,dry,Safe,Warning,47.326,61.516
S0216,5.2,stable_following,dry,Safe,Warning,47.436,60.426
S0216,5.4,stable_following,dry,Safe,Emergency,47.338,62.030
S0216,5.6,stable_following,dry,Safe,Emergency,47.287,73.786
S0216,5.8,stable_following,dry,Safe,Emergency,47.163,62.603
S0216,6.0,stable_following,dry,Safe,Emergency,47.261,72.589
S0216,6.2,stable_following,dry,Safe,Warning,47.234,55.416
S0216,6.4,stable_following,dry,Safe,Warning,47.285,53.599
S0216,6.6,stable_following,dry,Safe,Emergency,47.189,64.131
S0216,6.8,stable_following,dry,Safe,Warning,47.257,54.399
S0216,7.0,stable_following,dry,Safe,Safe,47.323,40.947
S0216,7.2,stable_following,dry,Safe,Warning,47.389,59.348
S0216,7.4,stable_following,dry,Safe,Emergency,47.3,64.112
S0216,7.6,stable_following,dry,Safe,Emergency,47.279,66.392
S0216,7.8,stable_following,dry,Safe,Emergency,47.407,66.753
S0216,8.0,stable_following,dry,Safe,Emergency,47.366,60.858
S0216,8.2,stable_following,dry,Safe,Warning,47.347,49.463
S0216,8.4,stable_following,dry,Safe,Emergency,47.379,60.845
S0216,8.6,stable_following,dry,Safe,Emergency,47.307,67.035
S0216,8.8,stable_following,dry,Safe,Warning,47.189,55.979
S0216,9.0,stable_following,dry,Safe,Emergency,47.257,64.167
S0216,9.2,stable_following,dry,Safe,Emergency,47.347,60.123
S0216,9.4,stable_following,dry,Safe,Warning,47.349,56.437
S0216,9.6,stable_following,dry,Safe,Emergency,47.48,58.281
S0216,9.8,stable_following,dry,Safe,Emergency,47.421,66.694
S0216,10.0,stable_following,dry,Safe,Warning,47.412,53.000
S0216,10.2,stable_following,dry,Safe,Warning,47.33,47.932
S0216,10.4,stable_following,dry,Safe,Emergency,47.399,70.388
S0216,10.6,stable_following,dry,Safe,Emergency,47.433,57.760
S0216,10.8,stable_following,dry,Safe,Warning,47.447,47.486
S0216,11.0,stable_following,dry,Safe,Warning,47.391,47.638
S0216,11.2,stable_following,dry,Safe,Emergency,47.495,56.610
S0216,11.4,stable_following,dry,Safe,Safe,47.448,39.313
S0216,11.6,stable_following,dry,Safe,Warning,47.555,46.193
S0216,11.8,stable_following,dry,Safe,Emergency,47.461,55.110
S0216,12.0,stable_following,dry,Safe,Emergency,47.549,64.106
S0216,12.2,stable_following,dry,Safe,Emergency,47.603,63.320
S0216,12.4,stable_following,dry,Safe,Emergency,47.505,61.756
S0216,12.6,stable_following,dry,Safe,Emergency,47.426,54.792
S0216,12.8,stable_following,dry,Safe,Warning,47.474,52.745
S0216,13.0,stable_following,dry,Safe,Warning,47.458,51.215
S0216,13.2,stable_following,dry,Safe,Emergency,47.415,61.878
S0216,13.4,stable_following,dry,Safe,Emergency,47.484,58.949
S0216,13.6,stable_following,dry,Safe,Emergency,47.541,64.596
S0216,13.8,stable_following,dry,Safe,Emergency,47.416,75.417
S0216,14.0,stable_following,dry,Safe,Emergency,47.289,59.347
S0216,14.2,stable_following,dry,Safe,Emergency,47.252,62.242
S0216,14.4,stable_following,dry,Safe,Emergency,47.372,54.567
S0216,14.6,stable_following,dry,Safe,Emergency,47.313,61.049
S0216,14.8,stable_following,dry,Safe,Emergency,47.379,65.296
S0216,15.0,stable_following,dry,Safe,Warning,47.432,49.028
S0216,15.2,stable_following,dry,Safe,Emergency,47.451,52.331
S0216,15.4,stable_following,dry,Safe,Emergency,47.448,68.534
S0216,15.6,stable_following,dry,Safe,Emergency,47.337,59.358
S0216,15.8,stable_following,dry,Safe,Emergency,47.38,74.942
S0044,0.0,stable_following,dry,Safe,Emergency,58.674,63.444
S0044,0.2,stable_following,dry,Safe,Emergency,58.635,58.969
S0044,0.4,stable_following,dry,Safe,Emergency,58.572,69.278
S0044,0.6,stable_following,dry,Safe,Emergency,58.626,69.659
S0044,0.8,stable_following,dry,Safe,Emergency,58.743,72.371
S0044,1.0,stable_following,dry,Safe,Emergency,58.912,68.780
S0044,1.2,stable_following,dry,Safe,Emergency,58.932,61.036
S0044,1.4,stable_following,dry,Safe,Emergency,58.957,57.982
S0044,1.6,stable_following,dry,Safe,Emergency,58.925,49.336
S0044,1.8,stable_following,dry,Safe,Emergency,59.071,49.528
S0044,2.0,stable_following,dry,Safe,Emergency,59.087,52.101
S0044,2.2,stable_following,dry,Safe,Emergency,59.174,61.282
S0044,2.4,stable_following,dry,Safe,Emergency,59.284,64.996
S0044,2.6,stable_following,dry,Safe,Emergency,59.271,67.107
S0044,2.8,stable_following,dry,Safe,Emergency,59.232,75.500
S0044,3.0,stable_following,dry,Safe,Emergency,59.162,67.186
S0044,3.2,stable_following,dry,Safe,Emergency,59.249,72.042
S0044,3.4,stable_following,dry,Safe,Emergency,59.181,55.886
S0044,3.6,stable_following,dry,Safe,Emergency,59.117,64.790
S0044,3.8,stable_following,dry,Safe,Emergency,59.087,77.723
S0044,4.0,stable_following,dry,Safe,Emergency,58.932,61.936
S0044,4.2,stable_following,dry,Safe,Emergency,58.948,73.785
S0044,4.4,stable_following,dry,Safe,Emergency,58.968,66.803
S0044,4.6,stable_following,dry,Safe,Emergency,59.058,67.102
S0044,4.8,stable_following,dry,Safe,Emergency,59.078,62.126
S0044,5.0,stable_following,dry,Safe,Emergency,58.948,52.104
S0044,5.2,stable_following,dry,Safe,Emergency,59.059,65.035
S0044,5.4,stable_following,dry,Safe,Emergency,59.153,52.202
S0044,5.6,stable_following,dry,Safe,Emergency,59.324,61.779
S0044,5.8,stable_following,dry,Safe,Emergency,59.162,67.504
S0044,6.0,stable_following,dry,Safe,Emergency,59.096,66.544
S0044,6.2,stable_following,dry,Safe,Emergency,59.258,73.856
S0044,6.4,stable_following,dry,Safe,Emergency,59.09,65.442
S0044,6.6,stable_following,dry,Safe,Emergency,59.124,50.499
S0044,6.8,stable_following,dry,Safe,Emergency,59.235,70.679
S0044,7.0,stable_following,dry,Safe,Emergency,59.067,78.241
S0044,7.2,stable_following,dry,Safe,Emergency,59.195,60.782
S0044,7.4,stable_following,dry,Safe,Emergency,59.032,69.489
S0044,7.6,stable_following,dry,Safe,Emergency,59.151,73.274
S0044,7.8,stable_following,dry,Safe,Emergency,59.065,55.762
S0044,8.0,stable_following,dry,Safe,Emergency,59.142,61.509
S0044,8.2,stable_following,dry,Safe,Emergency,59.027,74.733
S0044,8.4,stable_following,dry,Safe,Emergency,59.182,71.601
S0044,8.6,stable_following,dry,Safe,Emergency,59.319,69.963
S0044,8.8,stable_following,dry,Safe,Emergency,59.245,60.736
S0044,9.0,stable_following,dry,Safe,Emergency,59.242,59.048
S0044,9.2,stable_following,dry,Safe,Emergency,59.097,63.642
S0044,9.4,stable_following,dry,Safe,Emergency,59.235,67.935
S0044,9.6,stable_following,dry,Safe,Emergency,59.349,68.206
S0044,9.8,stable_following,dry,Safe,Emergency,59.385,59.921
S0044,10.0,stable_following,dry,Safe,Emergency,59.333,56.116
S0044,10.2,stable_following,dry,Safe,Emergency,59.302,66.367
S0044,10.4,stable_following,dry,Safe,Emergency,59.453,64.110
S0044,10.6,stable_following,dry,Safe,Emergency,59.471,61.922
S0044,10.8,stable_following,dry,Safe,Emergency,59.325,77.999
S0044,11.0,stable_following,dry,Safe,Emergency,59.466,64.231
S0044,11.2,stable_following,dry,Safe,Emergency,59.298,62.416
S0044,11.4,stable_following,dry,Safe,Emergency,59.364,55.328
S0044,11.6,stable_following,dry,Safe,Emergency,59.298,48.073
S0044,11.8,stable_following,dry,Safe,Emergency,59.3,63.123
S0044,12.0,stable_following,dry,Safe,Emergency,59.18,61.476
S0044,12.2,stable_following,dry,Safe,Emergency,59.208,64.068
S0044,12.4,stable_following,dry,Safe,Emergency,59.099,68.701
S0044,12.6,stable_following,dry,Safe,Emergency,58.955,64.128
S0044,12.8,stable_following,dry,Safe,Emergency,59.067,68.580
S0044,13.0,stable_following,dry,Safe,Emergency,58.936,63.338
S0044,13.2,stable_following,dry,Safe,Emergency,58.999,61.203
S0044,13.4,stable_following,dry,Safe,Emergency,58.9,71.073
S0044,13.6,stable_following,dry,Safe,Emergency,58.837,74.863
S0044,13.8,stable_following,dry,Safe,Emergency,58.712,55.997
S0044,14.0,stable_following,dry,Safe,Emergency,58.654,71.264
S0044,14.2,stable_following,dry,Safe,Emergency,58.816,68.222
S0044,14.4,stable_following,dry,Safe,Emergency,58.91,67.874
S0044,14.6,stable_following,dry,Safe,Emergency,58.892,62.996
S0044,14.8,stable_following,dry,Safe,Emergency,59.014,55.583
S0044,15.0,stable_following,dry,Safe,Emergency,58.865,61.651
S0044,15.2,stable_following,dry,Safe,Emergency,58.825,67.519
S0044,15.4,stable_following,dry,Safe,Emergency,58.946,63.056
S0044,15.6,stable_following,dry,Safe,Emergency,58.817,69.297
S0044,15.8,stable_following,dry,Safe,Emergency,58.943,61.464
S0279,0.0,high_speed_approach,dry,Warning,Emergency,85.421,97.400
S0279,0.2,high_speed_approach,dry,Warning,Emergency,80.438,88.573
S0279,0.4,high_speed_approach,dry,Safe,Emergency,75.611,87.615
S0279,0.6,high_speed_approach,dry,Safe,Emergency,75.495,87.881
S0279,0.8,high_speed_approach,dry,Safe,Emergency,75.652,87.005
S0279,1.0,high_speed_approach,dry,Safe,Emergency,75.67,74.507
S0279,1.2,high_speed_approach,dry,Warning,Emergency,75.508,77.665
S0279,1.4,high_speed_approach,dry,Safe,Emergency,70.838,90.212
S0279,1.6,high_speed_approach,dry,Safe,Emergency,70.885,77.878
S0279,1.8,high_speed_approach,dry,Safe,Emergency,70.915,86.580
S0279,2.0,high_speed_approach,dry,Safe,Emergency,70.909,85.296
S0279,2.2,high_speed_approach,dry,Warning,Emergency,71.048,82.548
S0279,2.4,high_speed_approach,dry,Safe,Emergency,66.524,92.808
S0279,2.6,high_speed_approach,dry,Safe,Emergency,66.579,73.415
S0279,2.8,high_speed_approach,dry,Warning,Emergency,66.437,82.257
S0279,3.0,high_speed_approach,dry,Safe,Emergency,62.068,67.558
S0279,3.2,high_speed_approach,dry,Safe,Emergency,62.143,88.434
S0279,3.4,high_speed_approach,dry,Safe,Emergency,62.1,84.071
S0279,3.6,high_speed_approach,dry,Safe,Emergency,62.165,74.513
S0279,3.8,high_speed_approach,dry,Warning,Emergency,62.204,73.098
S0279,4.0,high_speed_approach,dry,Safe,Emergency,57.981,81.810
S0279,4.2,high_speed_approach,dry,Safe,Emergency,58.105,84.372
S0279,4.4,high_speed_approach,dry,Safe,Emergency,58.224,62.810
S0279,4.6,high_speed_approach,dry,Warning,Emergency,58.18,65.080
S0279,4.8,high_speed_approach,dry,Safe,Emergency,54.099,68.551
S0279,5.0,high_speed_approach,dry,Safe,Emergency,53.996,72.241
S0279,5.2,high_speed_approach,dry,Safe,Emergency,54.135,49.068
S0279,5.4,high_speed_approach,dry,Safe,Emergency,54.046,64.931
S0279,5.6,high_speed_approach,dry,Warning,Emergency,54.19,53.997
S0279,5.8,high_speed_approach,dry,Safe,Emergency,50.255,62.703
S0279,6.0,high_speed_approach,dry,Safe,Emergency,50.276,67.585
S0279,6.2,high_speed_approach,dry,Safe,Emergency,50.232,55.597
S0279,6.4,high_speed_approach,dry,Safe,Emergency,50.351,62.838
S0279,6.6,high_speed_approach,dry,Warning,Emergency,50.362,52.159
S0279,6.8,high_speed_approach,dry,Safe,Emergency,46.571,62.908
S0279,7.0,high_speed_approach,dry,Safe,Emergency,46.704,64.251
S0279,7.2,high_speed_approach,dry,Safe,Emergency,46.72,59.299
S0279,7.4,high_speed_approach,dry,Warning,Emergency,46.594,49.923
S0279,7.6,high_speed_approach,dry,Safe,Emergency,42.95,56.388
S0279,7.8,high_speed_approach,dry,Safe,Emergency,42.888,58.118
S0279,8.0,high_speed_approach,dry,Safe,Emergency,42.793,54.953
S0279,8.2,high_speed_approach,dry,Safe,Emergency,42.822,47.116
S0279,8.4,high_speed_approach,dry,Safe,Emergency,42.768,57.157
S0279,8.6,high_speed_approach,dry,Warning,Emergency,42.807,50.754
S0279,8.8,high_speed_approach,dry,Safe,Emergency,39.315,46.166
S0279,9.0,high_speed_approach,dry,Safe,Emergency,39.365,50.980
S0279,9.2,high_speed_approach,dry,Safe,Emergency,39.322,51.170
S0279,9.4,high_speed_approach,dry,Safe,Emergency,39.376,46.067
S0279,9.6,high_speed_approach,dry,Safe,Emergency,39.354,49.170
S0279,9.8,high_speed_approach,dry,Safe,Emergency,39.355,50.192
S0279,10.0,high_speed_approach,dry,Safe,Emergency,39.293,46.503
S0279,10.2,high_speed_approach,dry,Warning,Emergency,39.412,55.641
S0279,10.4,high_speed_approach,dry,Warning,Emergency,36.063,47.397
S0279,10.6,high_speed_approach,dry,Safe,Emergency,32.858,54.707
S0279,10.8,high_speed_approach,dry,Safe,Emergency,32.961,41.352
S0279,11.0,high_speed_approach,dry,Safe,Emergency,33.049,44.828
S0279,11.2,high_speed_approach,dry,Safe,Emergency,33.039,40.956
S0279,11.4,high_speed_approach,dry,Safe,Emergency,32.963,41.127
S0279,11.6,high_speed_approach,dry,Safe,Emergency,32.941,47.169
S0279,11.8,high_speed_approach,dry,Safe,Emergency,32.885,43.614
S0279,12.0,high_speed_approach,dry,Safe,Emergency,32.944,39.514
S0279,12.2,high_speed_approach,dry,Safe,Emergency,32.968,46.019
S0279,12.4,high_speed_approach,dry,Safe,Emergency,33.081,42.738
S0279,12.6,high_speed_approach,dry,Safe,Emergency,33.093,33.340
S0279,12.8,high_speed_approach,dry,Safe,Emergency,33.02,44.178
S0279,13.0,high_speed_approach,dry,Safe,Emergency,32.944,36.794
S0279,13.2,high_speed_approach,dry,Safe,Emergency,32.995,43.069
S0279,13.4,high_speed_approach,dry,Safe,Emergency,33.017,45.295
S0279,13.6,high_speed_approach,dry,Safe,Emergency,32.959,51.140
S0279,13.8,high_speed_approach,dry,Safe,Emergency,32.862,41.781
S0279,14.0,high_speed_approach,dry,Safe,Emergency,32.814,40.709
S0279,14.2,high_speed_approach,dry,Safe,Emergency,32.709,42.687
S0279,14.4,high_speed_approach,dry,Safe,Emergency,32.772,41.021
S0279,14.6,high_speed_approach,dry,Safe,Emergency,32.761,38.205
S0279,14.8,high_speed_approach,dry,Safe,Emergency,32.744,30.224
S0279,15.0,high_speed_approach,dry,Safe,Emergency,32.813,36.623
S0279,15.2,high_speed_approach,dry,Safe,Emergency,32.92,46.759
S0279,15.4,high_speed_approach,dry,Safe,Emergency,32.85,41.406
S0279,15.6,high_speed_approach,dry,Safe,Emergency,32.961,33.141
S0279,15.8,high_speed_approach,dry,Safe,Emergency,33.067,34.658
S0052,0.0,stable_following,dry,Safe,Emergency,38.238,75.419
S0052,0.2,stable_following,dry,Safe,Emergency,38.216,64.149
S0052,0.4,stable_following,dry,Safe,Emergency,38.209,71.351
S0052,0.6,stable_following,dry,Safe,Emergency,38.165,61.694
S0052,0.8,stable_following,dry,Safe,Emergency,38.279,68.113
S0052,1.0,stable_following,dry,Safe,Emergency,38.371,70.081
S0052,1.2,stable_following,dry,Safe,Emergency,38.386,56.682
S0052,1.4,stable_following,dry,Safe,Emergency,38.499,78.013
S0052,1.6,stable_following,dry,Safe,Emergency,38.393,57.642
S0052,1.8,stable_following,dry,Safe,Emergency,38.269,73.191
S0052,2.0,stable_following,dry,Safe,Emergency,38.175,66.875
S0052,2.2,stable_following,dry,Safe,Emergency,38.071,73.985
S0052,2.4,stable_following,dry,Safe,Emergency,37.979,48.359
S0052,2.6,stable_following,dry,Safe,Emergency,38.009,56.392
S0052,2.8,stable_following,dry,Safe,Emergency,38.026,69.825
S0052,3.0,stable_following,dry,Safe,Emergency,37.976,65.432
S0052,3.2,stable_following,dry,Safe,Emergency,37.963,57.300
S0052,3.4,stable_following,dry,Safe,Emergency,38.071,57.701
S0052,3.6,stable_following,dry,Safe,Emergency,38.146,65.115
S0052,3.8,stable_following,dry,Safe,Emergency,38.134,62.583
S0052,4.0,stable_following,dry,Safe,Emergency,38.081,63.450
S0052,4.2,stable_following,dry,Safe,Emergency,38.2,67.811
S0052,4.4,stable_following,dry,Safe,Emergency,38.212,56.882
S0052,4.6,stable_following,dry,Safe,Emergency,38.334,64.704
S0052,4.8,stable_following,dry,Safe,Emergency,38.337,66.714
S0052,5.0,stable_following,dry,Safe,Emergency,38.321,74.564
S0052,5.2,stable_following,dry,Safe,Emergency,38.256,69.770
S0052,5.4,stable_following,dry,Safe,Emergency,38.343,66.185
S0052,5.6,stable_following,dry,Safe,Emergency,38.279,64.448
S0052,5.8,stable_following,dry,Safe,Emergency,38.212,60.412
S0052,6.0,stable_following,dry,Safe,Emergency,38.105,66.314
S0052,6.2,stable_following,dry,Safe,Emergency,37.983,69.249
S0052,6.4,stable_following,dry,Safe,Emergency,37.933,78.565
S0052,6.6,stable_following,dry,Safe,Emergency,37.983,70.065
S0052,6.8,stable_following,dry,Safe,Emergency,37.881,69.719
S0052,7.0,stable_following,dry,Safe,Emergency,37.923,67.612
S0052,7.2,stable_following,dry,Safe,Emergency,38.039,56.327
S0052,7.4,stable_following,dry,Safe,Emergency,38.159,63.386
S0052,7.6,stable_following,dry,Safe,Emergency,38.044,62.831
S0052,7.8,stable_following,dry,Safe,Emergency,38.131,65.170
S0052,8.0,stable_following,dry,Safe,Emergency,38.188,70.570
S0052,8.2,stable_following,dry,Safe,Emergency,38.272,59.964
S0052,8.4,stable_following,dry,Safe,Emergency,38.221,69.700
S0052,8.6,stable_following,dry,Safe,Emergency,38.33,69.192
S0052,8.8,stable_following,dry,Safe,Emergency,38.29,59.299
S0052,9.0,stable_following,dry,Safe,Emergency,38.239,54.790
S0052,9.2,stable_following,dry,Safe,Emergency,38.318,74.171
S0052,9.4,stable_following,dry,Warning,Emergency,38.397,65.172
S0052,9.6,stable_following,dry,Safe,Emergency,35.042,60.178
S0052,9.8,stable_following,dry,Safe,Emergency,35.094,68.823
S0052,10.0,stable_following,dry,Safe,Emergency,35.184,64.322
S0052,10.2,stable_following,dry,Warning,Emergency,35.298,63.714
S0052,10.4,stable_following,dry,Safe,Emergency,32.083,59.842
S0052,10.6,stable_following,dry,Safe,Emergency,32.112,70.309
S0052,10.8,stable_following,dry,Safe,Emergency,31.998,64.076
S0052,11.0,stable_following,dry,Safe,Emergency,31.915,57.785
S0052,11.2,stable_following,dry,Safe,Emergency,31.939,60.123
S0052,11.4,stable_following,dry,Safe,Emergency,31.969,52.642
S0052,11.6,stable_following,dry,Safe,Emergency,32.067,58.544
S0052,11.8,stable_following,dry,Safe,Emergency,32.128,53.088
S0052,12.0,stable_following,dry,Safe,Emergency,32.222,54.382
S0052,12.2,stable_following,dry,Safe,Emergency,32.286,58.388
S0052,12.4,stable_following,dry,Safe,Emergency,32.21,48.596
S0052,12.6,stable_following,dry,Safe,Emergency,32.185,50.941
S0052,12.8,stable_following,dry,Safe,Emergency,32.185,55.420
S0052,13.0,stable_following,dry,Safe,Emergency,32.273,54.735
S0052,13.2,stable_following,dry,Safe,Emergency,32.213,53.750
S0052,13.4,stable_following,dry,Safe,Emergency,32.178,56.976
S0052,13.6,stable_following,dry,Safe,Emergency,32.14,49.770
S0052,13.8,stable_following,dry,Safe,Emergency,32.103,52.879
S0052,14.0,stable_following,dry,Safe,Emergency,32.186,64.686
S0052,14.2,stable_following,dry,Safe,Emergency,32.1,54.278
S0052,14.4,stable_following,dry,Safe,Emergency,32.165,44.682
S0052,14.6,stable_following,dry,Safe,Emergency,32.166,54.291
S0052,14.8,stable_following,dry,Safe,Emergency,32.178,54.050
S0052,15.0,stable_following,dry,Safe,Emergency,32.102,53.728
S0052,15.2,stable_following,dry,Safe,Emergency,32.137,48.894
S0052,15.4,stable_following,dry,Safe,Emergency,32.205,58.366
S0052,15.6,stable_following,dry,Safe,Emergency,32.283,67.030
S0052,15.8,stable_following,dry,Safe,Emergency,32.209,55.119
S0071,0.0,high_speed_approach,dry,Safe,Emergency,61.128,66.860
S0071,0.2,high_speed_approach,dry,Safe,Emergency,61.014,91.771
S0071,0.4,high_speed_approach,dry,Safe,Emergency,60.897,86.286
S0071,0.6,high_speed_approach,dry,Safe,Emergency,60.925,56.837
S0071,0.8,high_speed_approach,dry,Safe,Emergency,60.963,81.636
S0071,1.0,high_speed_approach,dry,Safe,Emergency,61.023,90.849
S0071,1.2,high_speed_approach,dry,Safe,Emergency,61.126,82.715
S0071,1.4,high_speed_approach,dry,Safe,Emergency,61.063,87.337
S0071,1.6,high_speed_approach,dry,Safe,Emergency,60.911,68.228
S0071,1.8,high_speed_approach,dry,Safe,Emergency,61.054,80.719
S0071,2.0,high_speed_approach,dry,Safe,Emergency,60.955,86.313
S0071,2.2,high_speed_approach,dry,Safe,Emergency,61.018,83.773
S0071,2.4,high_speed_approach,dry,Safe,Emergency,60.985,79.011
S0071,2.6,high_speed_approach,dry,Safe,Emergency,61.051,64.673
S0071,2.8,high_speed_approach,dry,Safe,Emergency,61.003,83.419
S0071,3.0,high_speed_approach,dry,Safe,Emergency,60.985,85.010
S0071,3.2,high_speed_approach,dry,Safe,Emergency,61.113,80.263
S0071,3.4,high_speed_approach,dry,Safe,Emergency,61.179,85.483
S0071,3.6,high_speed_approach,dry,Safe,Emergency,61.184,66.617
S0071,3.8,high_speed_approach,dry,Safe,Emergency,61.309,64.739
S0071,4.0,high_speed_approach,dry,Safe,Emergency,61.298,68.243
S0071,4.2,high_speed_approach,dry,Safe,Emergency,61.383,75.422
S0071,4.4,high_speed_approach,dry,Safe,Emergency,61.537,78.538
S0071,4.6,high_speed_approach,dry,Safe,Emergency,61.467,84.121
S0071,4.8,high_speed_approach,dry,Safe,Emergency,61.614,76.987
S0071,5.0,high_speed_approach,dry,Safe,Emergency,61.72,55.953
S0071,5.2,high_speed_approach,dry,Safe,Emergency,61.739,80.444
S0071,5.4,high_speed_approach,dry,Safe,Emergency,61.655,71.756
S0071,5.6,high_speed_approach,dry,Safe,Emergency,61.733,76.654
S0071,5.8,high_speed_approach,dry,Safe,Emergency,61.783,62.631
S0071,6.0,high_speed_approach,dry,Safe,Emergency,61.828,71.954
S0071,6.2,high_speed_approach,dry,Safe,Emergency,61.928,65.719
S0071,6.4,high_speed_approach,dry,Safe,Emergency,62.067,70.134
S0071,6.6,high_speed_approach,dry,Safe,Emergency,61.981,71.802
S0071,6.8,high_speed_approach,dry,Safe,Emergency,62.136,74.712
S0071,7.0,high_speed_approach,dry,Safe,Emergency,62.049,88.844
S0071,7.2,high_speed_approach,dry,Safe,Emergency,62.135,67.014
S0071,7.4,high_speed_approach,dry,Safe,Emergency,62.248,68.451
S0071,7.6,high_speed_approach,dry,Safe,Emergency,62.14,76.358
S0071,7.8,high_speed_approach,dry,Warning,Emergency,62.283,79.117
S0071,8.0,high_speed_approach,dry,Safe,Emergency,58.074,76.376
S0071,8.2,high_speed_approach,dry,Safe,Emergency,58.218,75.827
S0071,8.4,high_speed_approach,dry,Safe,Emergency,58.166,68.887
S0071,8.6,high_speed_approach,dry,Safe,Emergency,58.113,72.422
S0071,8.8,high_speed_approach,dry,Safe,Emergency,58.034,69.651
S0071,9.0,high_speed_approach,dry,Warning,Emergency,57.941,68.871
S0071,9.2,high_speed_approach,dry,Safe,Emergency,53.886,63.449
S0071,9.4,high_speed_approach,dry,Safe,Emergency,53.997,55.553
S0071,9.6,high_speed_approach,dry,Safe,Emergency,53.994,86.840
S0071,9.8,high_speed_approach,dry,Warning,Emergency,53.974,62.220
S0071,10.0,high_speed_approach,dry,Safe,Emergency,50.065,63.216
S0071,10.2,high_speed_approach,dry,Safe,Emergency,50.129,49.974
S0071,10.4,high_speed_approach,dry,Safe,Emergency,50.165,60.370
S0071,10.6,high_speed_approach,dry,Safe,Emergency,50.07,63.675
S0071,10.8,high_speed_approach,dry,Warning,Emergency,50.191,77.405
S0071,11.0,high_speed_approach,dry,Safe,Emergency,46.425,63.911
S0071,11.2,high_speed_approach,dry,Safe,Emergency,46.462,55.297
S0071,11.4,high_speed_approach,dry,Safe,Emergency,46.477,64.821
S0071,11.6,high_speed_approach,dry,Safe,Emergency,46.352,61.663
S0071,11.8,high_speed_approach,dry,Warning,Emergency,46.235,69.474
S0071,12.0,high_speed_approach,dry,Safe,Emergency,42.623,41.139
S0071,12.2,high_speed_approach,dry,Safe,Emergency,42.612,58.701
S0071,12.4,high_speed_approach,dry,Safe,Emergency,42.606,50.747
S0071,12.6,high_speed_approach,dry,Safe,Emergency,42.538,56.304
S0071,12.8,high_speed_approach,dry,Warning,Emergency,42.565,49.283
S0071,13.0,high_speed_approach,dry,Warning,Emergency,39.102,47.269
S0071,13.2,high_speed_approach,dry,Safe,Emergency,35.784,44.646
S0071,13.4,high_speed_approach,dry,Safe,Emergency,35.755,41.374
S0071,13.6,high_speed_approach,dry,Safe,Emergency,35.693,45.736
S0071,13.8,high_speed_approach,dry,Safe,Emergency,35.681,45.764
S0071,14.0,high_speed_approach,dry,Safe,Emergency,35.638,45.186
S0071,14.2,high_speed_approach,dry,Safe,Emergency,35.582,52.826
S0071,14.4,high_speed_approach,dry,Safe,Emergency,35.471,46.079
S0071,14.6,high_speed_approach,dry,Safe,Emergency,35.422,34.834
S0071,14.8,high_speed_approach,dry,Safe,Emergency,35.314,50.029
S0071,15.0,high_speed_approach,dry,Safe,Emergency,35.225,40.829
S0071,15.2,high_speed_approach,dry,Safe,Emergency,35.22,41.766
S0071,15.4,high_speed_approach,dry,Safe,Emergency,35.268,40.437
S0071,15.6,high_speed_approach,dry,Safe,Emergency,35.174,40.095
S0071,15.8,high_speed_approach,dry,Safe,Emergency,35.207,48.104
S0114,0.0,sudden_lead_braking,dry,Emergency,Emergency,47.456,67.343
S0114,0.2,sudden_lead_braking,dry,Emergency,Emergency,43.593,59.660
S0114,0.4,sudden_lead_braking,dry,Emergency,Emergency,39.894,48.528
S0114,0.6,sudden_lead_braking,dry,Emergency,Emergency,36.357,56.388
S0114,0.8,sudden_lead_braking,dry,Emergency,Emergency,32.981,50.272
S0114,1.0,sudden_lead_braking,dry,Emergency,Emergency,29.766,46.364
S0114,1.2,sudden_lead_braking,dry,Emergency,Emergency,26.712,39.827
S0114,1.4,sudden_lead_braking,dry,Emergency,Warning,23.817,29.258
S0114,1.6,sudden_lead_braking,dry,Emergency,Warning,21.081,33.233
S0114,1.8,sudden_lead_braking,dry,Emergency,Warning,18.505,29.983
S0114,2.0,sudden_lead_braking,dry,Warning,Safe,16.088,26.608
S0114,2.2,sudden_lead_braking,dry,Warning,Safe,13.83,26.285
S0114,2.4,sudden_lead_braking,dry,Warning,Safe,11.731,15.982
S0114,2.6,sudden_lead_braking,dry,Warning,Safe,9.792,18.884
S0114,2.8,sudden_lead_braking,dry,Safe,Safe,8.014,13.645
S0114,3.0,sudden_lead_braking,dry,Safe,Safe,7.985,15.935
S0114,3.2,sudden_lead_braking,dry,Warning,Safe,8.018,16.342
S0114,3.4,sudden_lead_braking,dry,Safe,Safe,6.4,14.882
S0114,3.6,sudden_lead_braking,dry,Safe,Safe,6.404,11.261
S0114,3.8,sudden_lead_braking,dry,Safe,Safe,6.416,11.938
S0114,4.0,sudden_lead_braking,dry,Safe,Safe,6.461,9.472
S0114,4.2,sudden_lead_braking,dry,Safe,Safe,6.464,11.255
S0114,4.4,sudden_lead_braking,dry,Safe,Safe,6.444,12.794
S0114,4.6,sudden_lead_braking,dry,Safe,Safe,6.433,10.017
S0114,4.8,sudden_lead_braking,dry,Warning,Safe,6.468,13.833
S0114,5.0,sudden_lead_braking,dry,Safe,Safe,5.004,10.155
S0114,5.2,sudden_lead_braking,dry,Safe,Safe,5.043,10.250
S0114,5.4,sudden_lead_braking,dry,Safe,Safe,5.037,8.977
S0114,5.6,sudden_lead_braking,dry,Safe,Safe,5.028,11.173
S0114,5.8,sudden_lead_braking,dry,Safe,Safe,5.067,12.874
S0114,6.0,sudden_lead_braking,dry,Safe,Safe,5.044,8.108
S0114,6.2,sudden_lead_braking,dry,Safe,Safe,5.032,8.678
S0114,6.4,sudden_lead_braking,dry,Safe,Safe,5.031,8.350
S0114,6.6,sudden_lead_braking,dry,Safe,Safe,4.996,10.885
S0114,6.8,sudden_lead_braking,dry,Safe,Safe,5.031,12.325
S0114,7.0,sudden_lead_braking,dry,Safe,Safe,5.011,8.803
S0114,7.2,sudden_lead_braking,dry,Warning,Safe,4.999,8.947
S0114,7.4,sudden_lead_braking,dry,Safe,Safe,3.697,6.982
S0114,7.6,sudden_lead_braking,dry,Safe,Safe,3.661,8.302
S0114,7.8,sudden_lead_braking,dry,Safe,Safe,3.678,7.939
S0114,8.0,sudden_lead_braking,dry,Safe,Safe,3.697,6.250
S0114,8.2,sudden_lead_braking,dry,Safe,Safe,3.694,6.749
S0114,8.4,sudden_lead_braking,dry,Safe,Safe,3.729,6.729
S0114,8.6,sudden_lead_braking,dry,Safe,Safe,3.759,6.339
S0114,8.8,sudden_lead_braking,dry,Safe,Safe,3.791,6.257
S0114,9.0,sudden_lead_braking,dry,Safe,Safe,3.831,8.790
S0114,9.2,sudden_lead_braking,dry,Safe,Safe,3.799,8.279
S0114,9.4,sudden_lead_braking,dry,Safe,Safe,3.792,8.044
S0114,9.6,sudden_lead_braking,dry,Safe,Safe,3.812,5.742
S0114,9.8,sudden_lead_braking,dry,Safe,Safe,3.792,6.111
S0114,10.0,sudden_lead_braking,dry,Safe,Safe,3.81,7.451
S0114,10.2,sudden_lead_braking,dry,Safe,Safe,3.814,8.218
S0114,10.4,sudden_lead_braking,dry,Safe,Safe,3.788,9.549
S0114,10.6,sudden_lead_braking,dry,Safe,Safe,3.747,6.523
S0114,10.8,sudden_lead_braking,dry,Safe,Safe,3.773,8.652
S0114,11.0,sudden_lead_braking,dry,Safe,Safe,3.785,7.668
S0114,11.2,sudden_lead_braking,dry,Warning,Safe,3.814,9.168
S0114,11.4,sudden_lead_braking,dry,Safe,Safe,2.66,6.538
S0114,11.6,sudden_lead_braking,dry,Safe,Safe,2.656,5.679
S0114,11.8,sudden_lead_braking,dry,Safe,Safe,2.622,3.676
S0114,12.0,sudden_lead_braking,dry,Safe,Safe,2.598,4.437
S0114,12.2,sudden_lead_braking,dry,Safe,Safe,2.61,5.664
S0114,12.4,sudden_lead_braking,dry,Safe,Safe,2.611,4.945
S0114,12.6,sudden_lead_braking,dry,Safe,Safe,2.627,6.420
S0114,12.8,sudden_lead_braking,dry,Safe,Safe,2.605,6.335
S0114,13.0,sudden_lead_braking,dry,Safe,Safe,2.576,5.267
S0114,13.2,sudden_lead_braking,dry,Safe,Safe,2.569,4.482
S0114,13.4,sudden_lead_braking,dry,Safe,Safe,2.564,6.555
S0114,13.6,sudden_lead_braking,dry,Safe,Safe,2.551,4.745
S0114,13.8,sudden_lead_braking,dry,Safe,Safe,2.52,6.334
S0114,14.0,sudden_lead_braking,dry,Safe,Safe,2.515,5.047
S0114,14.2,sudden_lead_braking,dry,Safe,Safe,2.537,5.863
S0114,14.4,sudden_lead_braking,dry,Safe,Safe,2.515,4.946
S0114,14.6,sudden_lead_braking,dry,Safe,Safe,2.547,3.326
S0114,14.8,sudden_lead_braking,dry,Safe,Safe,2.542,5.564
S0114,15.0,sudden_lead_braking,dry,Safe,Safe,2.574,6.033
S0114,15.2,sudden_lead_braking,dry,Safe,Safe,2.559,6.079
S0114,15.4,sudden_lead_braking,dry,Safe,Safe,2.589,4.955
S0114,15.6,sudden_lead_braking,dry,Safe,Safe,2.619,3.560
S0114,15.8,sudden_lead_braking,dry,Safe,Safe,2.64,5.725
S0125,0.0,gradual_lead_deceleration,wet_low_adhesion,Emergency,Emergency,96.197,82.679
S0125,0.2,gradual_lead_deceleration,wet_low_adhesion,Emergency,Emergency,90.732,76.580
S0125,0.4,gradual_lead_deceleration,wet_low_adhesion,Emergency,Emergency,85.437,72.706
S0125,0.6,gradual_lead_deceleration,wet_low_adhesion,Emergency,Emergency,80.311,69.621
S0125,0.8,gradual_lead_deceleration,wet_low_adhesion,Emergency,Emergency,75.356,84.750
S0125,1.0,gradual_lead_deceleration,wet_low_adhesion,Warning,Emergency,70.571,67.462
S0125,1.2,gradual_lead_deceleration,wet_low_adhesion,Warning,Emergency,65.956,62.018
S0125,1.4,gradual_lead_deceleration,wet_low_adhesion,Warning,Emergency,61.51,57.962
S0125,1.6,gradual_lead_deceleration,wet_low_adhesion,Warning,Emergency,57.231,59.881
S0125,1.8,gradual_lead_deceleration,wet_low_adhesion,Safe,Emergency,53.119,42.192
S0125,2.0,gradual_lead_deceleration,wet_low_adhesion,Safe,Emergency,53.281,56.453
S0125,2.2,gradual_lead_deceleration,wet_low_adhesion,Warning,Emergency,53.172,46.350
S0125,2.4,gradual_lead_deceleration,wet_low_adhesion,Safe,Emergency,49.222,49.268
S0125,2.6,gradual_lead_deceleration,wet_low_adhesion,Safe,Emergency,49.066,48.850
S0125,2.8,gradual_lead_deceleration,wet_low_adhesion,Safe,Emergency,48.915,48.995
S0125,3.0,gradual_lead_deceleration,wet_low_adhesion,Safe,Emergency,48.758,42.682
S0125,3.2,gradual_lead_deceleration,wet_low_adhesion,Safe,Emergency,48.7,41.896
S0125,3.4,gradual_lead_deceleration,wet_low_adhesion,Safe,Emergency,48.515,55.067
S0125,3.6,gradual_lead_deceleration,wet_low_adhesion,Safe,Emergency,48.319,42.335
S0125,3.8,gradual_lead_deceleration,wet_low_adhesion,Safe,Emergency,48.4,52.894
S0125,4.0,gradual_lead_deceleration,wet_low_adhesion,Safe,Emergency,48.368,48.005
S0125,4.2,gradual_lead_deceleration,wet_low_adhesion,Safe,Emergency,48.511,56.296
S0125,4.4,gradual_lead_deceleration,wet_low_adhesion,Warning,Emergency,48.393,45.165
S0125,4.6,gradual_lead_deceleration,wet_low_adhesion,Safe,Emergency,44.641,47.135
S0125,4.8,gradual_lead_deceleration,wet_low_adhesion,Safe,Emergency,44.752,48.605
S0125,5.0,gradual_lead_deceleration,wet_low_adhesion,Warning,Emergency,44.652,44.061
S0125,5.2,gradual_lead_deceleration,wet_low_adhesion,Safe,Emergency,41.06,38.088
S0125,5.4,gradual_lead_deceleration,wet_low_adhesion,Safe,Emergency,40.9,63.951
S0125,5.6,gradual_lead_deceleration,wet_low_adhesion,Safe,Emergency,40.897,42.610
S0125,5.8,gradual_lead_deceleration,wet_low_adhesion,Warning,Emergency,40.785,38.563
S0125,6.0,gradual_lead_deceleration,wet_low_adhesion,Safe,Emergency,37.363,31.709
S0125,6.2,gradual_lead_deceleration,wet_low_adhesion,Safe,Emergency,37.195,39.696
S0125,6.4,gradual_lead_deceleration,wet_low_adhesion,Safe,Emergency,37.249,33.191
S0125,6.6,gradual_lead_deceleration,wet_low_adhesion,Warning,Emergency,37.271,32.585
S0125,6.8,gradual_lead_deceleration,wet_low_adhesion,Safe,Emergency,34.009,35.094
S0125,7.0,gradual_lead_deceleration,wet_low_adhesion,Safe,Emergency,34.159,34.873
S0125,7.2,gradual_lead_deceleration,wet_low_adhesion,Warning,Emergency,34.115,32.053
S0125,7.4,gradual_lead_deceleration,wet_low_adhesion,Safe,Emergency,31.002,25.634
S0125,7.6,gradual_lead_deceleration,wet_low_adhesion,Safe,Emergency,31.112,41.565
S0125,7.8,gradual_lead_deceleration,wet_low_adhesion,Safe,Emergency,30.958,25.890
S0125,8.0,gradual_lead_deceleration,wet_low_adhesion,Warning,Emergency,31.088,29.815
S0125,8.2,gradual_lead_deceleration,wet_low_adhesion,Safe,Emergency,28.123,27.887
S0125,8.4,gradual_lead_deceleration,wet_low_adhesion,Safe,Emergency,28.019,30.324
S0125,8.6,gradual_lead_deceleration,wet_low_adhesion,Safe,Emergency,28.038,23.918
S0125,8.8,gradual_lead_deceleration,wet_low_adhesion,Warning,Emergency,28.186,24.146
S0125,9.0,gradual_lead_deceleration,wet_low_adhesion,Safe,Emergency,25.369,26.414
S0125,9.2,gradual_lead_deceleration,wet_low_adhesion,Safe,Emergency,25.341,32.985
S0125,9.4,gradual_lead_deceleration,wet_low_adhesion,Safe,Emergency,25.474,34.872
S0125,9.6,gradual_lead_deceleration,wet_low_adhesion,Warning,Emergency,25.552,29.513
S0125,9.8,gradual_lead_deceleration,wet_low_adhesion,Safe,Emergency,22.875,22.716
S0125,10.0,gradual_lead_deceleration,wet_low_adhesion,Safe,Emergency,22.995,20.903
S0125,10.2,gradual_lead_deceleration,wet_low_adhesion,Safe,Emergency,23.002,17.884
S0125,10.4,gradual_lead_deceleration,wet_low_adhesion,Warning,Emergency,23.131,21.929
S0125,10.6,gradual_lead_deceleration,wet_low_adhesion,Safe,Emergency,20.587,23.167
S0125,10.8,gradual_lead_deceleration,wet_low_adhesion,Safe,Emergency,20.668,25.686
S0125,11.0,gradual_lead_deceleration,wet_low_adhesion,Safe,Emergency,20.679,23.237
S0125,11.2,gradual_lead_deceleration,wet_low_adhesion,Warning,Emergency,20.661,30.790
S0125,11.4,gradual_lead_deceleration,wet_low_adhesion,Safe,Emergency,18.26,19.136
S0125,11.6,gradual_lead_deceleration,wet_low_adhesion,Safe,Emergency,18.285,16.486
S0125,11.8,gradual_lead_deceleration,wet_low_adhesion,Safe,Emergency,18.221,17.091
S0125,12.0,gradual_lead_deceleration,wet_low_adhesion,Warning,Emergency,18.22,18.015
S0125,12.2,gradual_lead_deceleration,wet_low_adhesion,Safe,Emergency,15.967,15.183
S0125,12.4,gradual_lead_deceleration,wet_low_adhesion,Safe,Emergency,15.981,23.002
S0125,12.6,gradual_lead_deceleration,wet_low_adhesion,Safe,Emergency,15.912,17.731
S0125,12.8,gradual_lead_deceleration,wet_low_adhesion,Warning,Emergency,15.836,24.069
S0125,13.0,gradual_lead_deceleration,wet_low_adhesion,Safe,Emergency,13.736,16.553
S0125,13.2,gradual_lead_deceleration,wet_low_adhesion,Safe,Emergency,13.771,18.567
S0125,13.4,gradual_lead_deceleration,wet_low_adhesion,Safe,Emergency,13.671,20.129
S0125,13.6,gradual_lead_deceleration,wet_low_adhesion,Warning,Emergency,13.639,13.065
S0125,13.8,gradual_lead_deceleration,wet_low_adhesion,Safe,Emergency,11.691,15.686
S0125,14.0,gradual_lead_deceleration,wet_low_adhesion,Safe,Emergency,11.65,15.495
S0125,14.2,gradual_lead_deceleration,wet_low_adhesion,Warning,Emergency,11.728,15.503
S0125,14.4,gradual_lead_deceleration,wet_low_adhesion,Safe,Warning,9.921,11.535
S0125,14.6,gradual_lead_deceleration,wet_low_adhesion,Safe,Warning,9.865,11.252
S0125,14.8,gradual_lead_deceleration,wet_low_adhesion,Warning,Emergency,9.834,14.752
S0125,15.0,gradual_lead_deceleration,wet_low_adhesion,Warning,Warning,8.178,8.356
S0125,15.2,gradual_lead_deceleration,wet_low_adhesion,Warning,Warning,6.666,8.673
S0125,15.4,gradual_lead_deceleration,wet_low_adhesion,Safe,Warning,5.298,7.012
S0125,15.6,gradual_lead_deceleration,wet_low_adhesion,Safe,Warning,5.359,6.945
S0125,15.8,gradual_lead_deceleration,wet_low_adhesion,Safe,Warning,5.334,4.948
S0140,0.0,stable_following,wet_low_adhesion,Safe,Emergency,68.072,73.074
S0140,0.2,stable_following,wet_low_adhesion,Safe,Emergency,68.125,78.256
S0140,0.4,stable_following,wet_low_adhesion,Safe,Emergency,68.116,67.371
S0140,0.6,stable_following,wet_low_adhesion,Safe,Emergency,68.227,75.385
S0140,0.8,stable_following,wet_low_adhesion,Safe,Emergency,68.26,74.096
S0140,1.0,stable_following,wet_low_adhesion,Safe,Emergency,68.14,65.371
S0140,1.2,stable_following,wet_low_adhesion,Safe,Emergency,68.218,72.122
S0140,1.4,stable_following,wet_low_adhesion,Safe,Emergency,68.268,72.945
S0140,1.6,stable_following,wet_low_adhesion,Safe,Emergency,68.5,73.435
S0140,1.8,stable_following,wet_low_adhesion,Safe,Emergency,68.393,64.489
S0140,2.0,stable_following,wet_low_adhesion,Safe,Emergency,68.584,77.293
S0140,2.2,stable_following,wet_low_adhesion,Safe,Emergency,68.748,69.392
S0140,2.4,stable_following,wet_low_adhesion,Safe,Emergency,68.746,63.507
S0140,2.6,stable_following,wet_low_adhesion,Safe,Emergency,68.94,102.570
S0140,2.8,stable_following,wet_low_adhesion,Safe,Emergency,68.759,82.215
S0140,3.0,stable_following,wet_low_adhesion,Safe,Emergency,68.969,76.815
S0140,3.2,stable_following,wet_low_adhesion,Safe,Emergency,69.02,87.104
S0140,3.4,stable_following,wet_low_adhesion,Safe,Emergency,68.915,66.449
S0140,3.6,stable_following,wet_low_adhesion,Safe,Emergency,68.749,74.043
S0140,3.8,stable_following,wet_low_adhesion,Safe,Emergency,68.74,69.613
S0140,4.0,stable_following,wet_low_adhesion,Safe,Emergency,68.832,68.267
S0140,4.2,stable_following,wet_low_adhesion,Safe,Emergency,68.747,72.634
S0140,4.4,stable_following,wet_low_adhesion,Safe,Emergency,68.97,71.263
S0140,4.6,stable_following,wet_low_adhesion,Safe,Emergency,69.089,56.604
S0140,4.8,stable_following,wet_low_adhesion,Safe,Emergency,68.91,79.802
S0140,5.0,stable_following,wet_low_adhesion,Safe,Emergency,69.089,72.406
S0140,5.2,stable_following,wet_low_adhesion,Safe,Emergency,69.222,84.816
S0140,5.4,stable_following,wet_low_adhesion,Safe,Emergency,69.228,72.376
S0140,5.6,stable_following,wet_low_adhesion,Safe,Emergency,69.217,84.543
S0140,5.8,stable_following,wet_low_adhesion,Safe,Emergency,69.218,83.786
S0140,6.0,stable_following,wet_low_adhesion,Safe,Emergency,69.413,78.666
S0140,6.2,stable_following,wet_low_adhesion,Safe,Emergency,69.246,76.550
S0140,6.4,stable_following,wet_low_adhesion,Safe,Emergency,69.03,74.872
S0140,6.6,stable_following,wet_low_adhesion,Safe,Emergency,69.121,66.129
S0140,6.8,stable_following,wet_low_adhesion,Safe,Emergency,69.002,71.869
S0140,7.0,stable_following,wet_low_adhesion,Safe,Emergency,68.802,64.078
S0140,7.2,stable_following,wet_low_adhesion,Safe,Emergency,68.889,71.810
S0140,7.4,stable_following,wet_low_adhesion,Safe,Emergency,69.019,72.471
S0140,7.6,stable_following,wet_low_adhesion,Safe,Emergency,68.811,74.245
S0140,7.8,stable_following,wet_low_adhesion,Safe,Emergency,68.775,72.385
S0140,8.0,stable_following,wet_low_adhesion,Safe,Emergency,68.641,73.483
S0140,8.2,stable_following,wet_low_adhesion,Safe,Emergency,68.835,75.181
S0140,8.4,stable_following,wet_low_adhesion,Safe,Emergency,68.771,73.252
S0140,8.6,stable_following,wet_low_adhesion,Safe,Emergency,68.744,71.799
S0140,8.8,stable_following,wet_low_adhesion,Safe,Emergency,68.914,67.232
S0140,9.0,stable_following,wet_low_adhesion,Safe,Emergency,68.956,75.962
S0140,9.2,stable_following,wet_low_adhesion,Safe,Emergency,68.792,64.524
S0140,9.4,stable_following,wet_low_adhesion,Safe,Emergency,68.879,64.667
S0140,9.6,stable_following,wet_low_adhesion,Safe,Emergency,68.787,81.895
S0140,9.8,stable_following,wet_low_adhesion,Safe,Emergency,68.919,72.022
S0140,10.0,stable_following,wet_low_adhesion,Safe,Emergency,68.725,84.732
S0140,10.2,stable_following,wet_low_adhesion,Safe,Emergency,68.938,75.591
S0140,10.4,stable_following,wet_low_adhesion,Safe,Emergency,68.96,76.594
S0140,10.6,stable_following,wet_low_adhesion,Safe,Emergency,68.733,75.994
S0140,10.8,stable_following,wet_low_adhesion,Safe,Emergency,68.661,77.414
S0140,11.0,stable_following,wet_low_adhesion,Safe,Emergency,68.581,76.023
S0140,11.2,stable_following,wet_low_adhesion,Safe,Emergency,68.802,67.350
S0140,11.4,stable_following,wet_low_adhesion,Safe,Emergency,68.745,76.481
S0140,11.6,stable_following,wet_low_adhesion,Safe,Emergency,68.854,88.238
S0140,11.8,stable_following,wet_low_adhesion,Safe,Emergency,68.628,58.685
S0140,12.0,stable_following,wet_low_adhesion,Safe,Emergency,68.715,88.673
S0140,12.2,stable_following,wet_low_adhesion,Safe,Emergency,68.681,64.797
S0140,12.4,stable_following,wet_low_adhesion,Safe,Emergency,68.75,58.823
S0140,12.6,stable_following,wet_low_adhesion,Safe,Emergency,68.887,72.381
S0140,12.8,stable_following,wet_low_adhesion,Safe,Emergency,68.814,67.766
S0140,13.0,stable_following,wet_low_adhesion,Safe,Emergency,68.592,60.901
S0140,13.2,stable_following,wet_low_adhesion,Safe,Emergency,68.471,70.826
S0140,13.4,stable_following,wet_low_adhesion,Safe,Emergency,68.507,68.324
S0140,13.6,stable_following,wet_low_adhesion,Safe,Emergency,68.297,68.630
S0140,13.8,stable_following,wet_low_adhesion,Safe,Emergency,68.203,63.184
S0140,14.0,stable_following,wet_low_adhesion,Safe,Emergency,68.11,78.602
S0140,14.2,stable_following,wet_low_adhesion,Safe,Emergency,68.301,79.418
S0140,14.4,stable_following,wet_low_adhesion,Safe,Emergency,68.463,81.454
S0140,14.6,stable_following,wet_low_adhesion,Safe,Emergency,68.641,78.385
S0140,14.8,stable_following,wet_low_adhesion,Safe,Emergency,68.417,98.371
S0140,15.0,stable_following,wet_low_adhesion,Safe,Emergency,68.64,73.466
S0140,15.2,stable_following,wet_low_adhesion,Safe,Emergency,68.745,75.072
S0140,15.4,stable_following,wet_low_adhesion,Safe,Emergency,68.915,60.481
S0140,15.6,stable_following,wet_low_adhesion,Safe,Emergency,68.846,84.395
S0140,15.8,stable_following,wet_low_adhesion,Safe,Emergency,68.908,60.604
S0012,0.0,stable_following,dry,Safe,Emergency,54.495,99.203
S0012,0.2,stable_following,dry,Safe,Emergency,54.577,105.942
S0012,0.4,stable_following,dry,Safe,Emergency,54.694,90.544
S0012,0.6,stable_following,dry,Safe,Emergency,54.764,79.760
S0012,0.8,stable_following,dry,Safe,Emergency,54.724,125.468
S0012,1.0,stable_following,dry,Safe,Emergency,54.793,88.138
S0012,1.2,stable_following,dry,Safe,Emergency,54.922,79.969
S0012,1.4,stable_following,dry,Safe,Emergency,54.882,99.648
S0012,1.6,stable_following,dry,Safe,Emergency,54.987,100.107
S0012,1.8,stable_following,dry,Safe,Emergency,54.948,76.986
S0012,2.0,stable_following,dry,Safe,Emergency,54.815,87.707
S0012,2.2,stable_following,dry,Safe,Emergency,54.688,83.631
S0012,2.4,stable_following,dry,Safe,Emergency,54.684,92.016
S0012,2.6,stable_following,dry,Safe,Emergency,54.778,83.424
S0012,2.8,stable_following,dry,Safe,Emergency,54.846,103.437
S0012,3.0,stable_following,dry,Safe,Emergency,54.87,105.925
S0012,3.2,stable_following,dry,Safe,Emergency,54.832,77.081
S0012,3.4,stable_following,dry,Safe,Emergency,54.898,90.575
S0012,3.6,stable_following,dry,Safe,Emergency,55.025,93.813
S0012,3.8,stable_following,dry,Safe,Emergency,55.126,100.811
S0012,4.0,stable_following,dry,Safe,Emergency,55.154,88.589
S0012,4.2,stable_following,dry,Safe,Emergency,55.256,99.245
S0012,4.4,stable_following,dry,Safe,Emergency,55.194,86.818
S0012,4.6,stable_following,dry,Safe,Emergency,55.068,96.571
S0012,4.8,stable_following,dry,Safe,Emergency,55.155,95.238
S0012,5.0,stable_following,dry,Safe,Emergency,55.036,101.964
S0012,5.2,stable_following,dry,Safe,Emergency,55.154,108.409
S0012,5.4,stable_following,dry,Safe,Emergency,55.2,102.379
S0012,5.6,stable_following,dry,Safe,Emergency,55.17,98.739
S0012,5.8,stable_following,dry,Safe,Emergency,55.29,96.589
S0012,6.0,stable_following,dry,Safe,Emergency,55.387,106.841
S0012,6.2,stable_following,dry,Safe,Emergency,55.302,104.416
S0012,6.4,stable_following,dry,Safe,Emergency,55.279,92.153
S0012,6.6,stable_following,dry,Safe,Emergency,55.407,97.777
S0012,6.8,stable_following,dry,Safe,Emergency,55.383,94.629
S0012,7.0,stable_following,dry,Safe,Emergency,55.374,103.678
S0012,7.2,stable_following,dry,Safe,Emergency,55.398,89.326
S0012,7.4,stable_following,dry,Safe,Emergency,55.324,95.760
S0012,7.6,stable_following,dry,Safe,Emergency,55.195,95.342
S0012,7.8,stable_following,dry,Safe,Emergency,55.09,88.078
S0012,8.0,stable_following,dry,Safe,Emergency,55.046,89.655
S0012,8.2,stable_following,dry,Safe,Emergency,55.11,86.955
S0012,8.4,stable_following,dry,Safe,Emergency,55.061,93.174
S0012,8.6,stable_following,dry,Safe,Emergency,55.194,85.031
S0012,8.8,stable_following,dry,Safe,Emergency,55.155,76.691
S0012,9.0,stable_following,dry,Safe,Emergency,55.088,76.569
S0012,9.2,stable_following,dry,Safe,Emergency,55.045,86.830
S0012,9.4,stable_following,dry,Safe,Emergency,54.922,104.454
S0012,9.6,stable_following,dry,Safe,Emergency,54.807,97.121
S0012,9.8,stable_following,dry,Safe,Emergency,54.687,102.987
S0012,10.0,stable_following,dry,Safe,Emergency,54.693,104.593
S0012,10.2,stable_following,dry,Safe,Emergency,54.777,96.987
S0012,10.4,stable_following,dry,Safe,Emergency,54.777,74.616
S0012,10.6,stable_following,dry,Safe,Emergency,54.843,103.736
S0012,10.8,stable_following,dry,Safe,Emergency,54.793,87.728
S0012,11.0,stable_following,dry,Safe,Emergency,54.799,105.380
S0012,11.2,stable_following,dry,Safe,Emergency,54.746,86.463
S0012,11.4,stable_following,dry,Safe,Emergency,54.677,110.194
S0012,11.6,stable_following,dry,Safe,Emergency,54.717,88.769
S0012,11.8,stable_following,dry,Safe,Emergency,54.807,104.934
S0012,12.0,stable_following,dry,Safe,Emergency,54.857,95.193
S0012,12.2,stable_following,dry,Safe,Emergency,54.913,82.144
S0012,12.4,stable_following,dry,Safe,Emergency,54.973,92.513
S0012,12.6,stable_following,dry,Safe,Emergency,55.05,93.684
S0012,12.8,stable_following,dry,Safe,Emergency,54.966,85.741
S0012,13.0,stable_following,dry,Safe,Emergency,55.083,94.862
S0012,13.2,stable_following,dry,Safe,Emergency,55.126,107.438
S0012,13.4,stable_following,dry,Safe,Emergency,55.041,105.365
S0012,13.6,stable_following,dry,Safe,Emergency,54.997,103.577
S0012,13.8,stable_following,dry,Safe,Emergency,54.955,79.043
S0012,14.0,stable_following,dry,Safe,Emergency,54.98,88.022
S0012,14.2,stable_following,dry,Safe,Emergency,55.072,81.526
S0012,14.4,stable_following,dry,Safe,Emergency,55.186,83.687
S0012,14.6,stable_following,dry,Safe,Emergency,55.056,76.715
S0012,14.8,stable_following,dry,Safe,Emergency,55.055,93.380
S0012,15.0,stable_following,dry,Safe,Emergency,55.053,86.577
S0012,15.2,stable_following,dry,Safe,Emergency,55.067,84.716
S0012,15.4,stable_following,dry,Safe,Emergency,54.978,82.457
S0012,15.6,stable_following,dry,Safe,Emergency,54.901,77.684
S0012,15.8,stable_following,dry,Safe,Emergency,54.931,91.953
S0057,0.0,gradual_lead_deceleration,dry,Emergency,Emergency,61.733,111.717
S0057,0.2,gradual_lead_deceleration,dry,Emergency,Emergency,57.294,109.830
S0057,0.4,gradual_lead_deceleration,dry,Emergency,Emergency,53.025,87.776
S0057,0.6,gradual_lead_deceleration,dry,Warning,Emergency,48.924,85.671
S0057,0.8,gradual_lead_deceleration,dry,Warning,Emergency,44.991,75.631
S0057,1.0,gradual_lead_deceleration,dry,Safe,Emergency,41.223,72.770
S0057,1.2,gradual_lead_deceleration,dry,Safe,Emergency,41.295,69.258
S0057,1.4,gradual_lead_deceleration,dry,Safe,Emergency,41.303,67.479
S0057,1.6,gradual_lead_deceleration,dry,Safe,Emergency,41.218,71.518
S0057,1.8,gradual_lead_deceleration,dry,Warning,Emergency,41.26,77.856
S0057,2.0,gradual_lead_deceleration,dry,Safe,Emergency,37.657,62.664
S0057,2.2,gradual_lead_deceleration,dry,Safe,Emergency,37.568,65.268
S0057,2.4,gradual_lead_deceleration,dry,Safe,Emergency,37.624,76.099
S0057,2.6,gradual_lead_deceleration,dry,Safe,Emergency,37.526,60.939
S0057,2.8,gradual_lead_deceleration,dry,Safe,Emergency,37.584,65.415
S0057,3.0,gradual_lead_deceleration,dry,Safe,Emergency,37.615,58.023
S0057,3.2,gradual_lead_deceleration,dry,Safe,Emergency,37.554,63.503
S0057,3.4,gradual_lead_deceleration,dry,Safe,Emergency,37.546,59.851
S0057,3.6,gradual_lead_deceleration,dry,Safe,Emergency,37.431,64.352
S0057,3.8,gradual_lead_deceleration,dry,Safe,Emergency,37.332,74.474
S0057,4.0,gradual_lead_deceleration,dry,Safe,Emergency,37.296,66.130
S0057,4.2,gradual_lead_deceleration,dry,Warning,Emergency,37.221,64.362
S0057,4.4,gradual_lead_deceleration,dry,Safe,Emergency,33.802,65.898
S0057,4.6,gradual_lead_deceleration,dry,Safe,Emergency,33.778,46.255
S0057,4.8,gradual_lead_deceleration,dry,Safe,Emergency,33.822,59.185
S0057,5.0,gradual_lead_deceleration,dry,Safe,Emergency,33.817,61.260
S0057,5.2,gradual_lead_deceleration,dry,Warning,Emergency,33.712,56.313
S0057,5.4,gradual_lead_deceleration,dry,Safe,Emergency,30.462,57.621
S0057,5.6,gradual_lead_deceleration,dry,Safe,Emergency,30.45,61.110
S0057,5.8,gradual_lead_deceleration,dry,Safe,Emergency,30.38,49.350
S0057,6.0,gradual_lead_deceleration,dry,Safe,Emergency,30.362,53.639
S0057,6.2,gradual_lead_deceleration,dry,Warning,Emergency,30.393,48.538
S0057,6.4,gradual_lead_deceleration,dry,Safe,Emergency,27.308,60.193
S0057,6.6,gradual_lead_deceleration,dry,Safe,Emergency,27.367,41.549
S0057,6.8,gradual_lead_deceleration,dry,Safe,Emergency,27.374,58.203
S0057,7.0,gradual_lead_deceleration,dry,Safe,Emergency,27.282,52.339
S0057,7.2,gradual_lead_deceleration,dry,Warning,Emergency,27.366,55.727
S0057,7.4,gradual_lead_deceleration,dry,Safe,Emergency,24.441,51.903
S0057,7.6,gradual_lead_deceleration,dry,Safe,Emergency,24.524,42.779
S0057,7.8,gradual_lead_deceleration,dry,Safe,Emergency,24.605,41.547
S0057,8.0,gradual_lead_deceleration,dry,Safe,Emergency,24.53,41.827
S0057,8.2,gradual_lead_deceleration,dry,Warning,Emergency,24.595,43.323
S0057,8.4,gradual_lead_deceleration,dry,Safe,Emergency,21.823,48.875
S0057,8.6,gradual_lead_deceleration,dry,Safe,Emergency,21.81,32.019
S0057,8.8,gradual_lead_deceleration,dry,Safe,Emergency,21.905,51.018
S0057,9.0,gradual_lead_deceleration,dry,Warning,Emergency,21.929,33.898
S0057,9.2,gradual_lead_deceleration,dry,Safe,Emergency,19.313,37.758
S0057,9.4,gradual_lead_deceleration,dry,Safe,Emergency,19.323,35.362
S0057,9.6,gradual_lead_deceleration,dry,Safe,Emergency,19.352,44.047
S0057,9.8,gradual_lead_deceleration,dry,Warning,Emergency,19.436,34.223
S0057,10.0,gradual_lead_deceleration,dry,Warning,Emergency,16.974,37.647
S0057,10.2,gradual_lead_deceleration,dry,Safe,Emergency,14.674,33.856
S0057,10.4,gradual_lead_deceleration,dry,Safe,Emergency,14.702,33.824
S0057,10.6,gradual_lead_deceleration,dry,Safe,Emergency,14.633,33.644
S0057,10.8,gradual_lead_deceleration,dry,Safe,Emergency,14.569,29.897
S0057,11.0,gradual_lead_deceleration,dry,Safe,Emergency,14.498,36.629
S0057,11.2,gradual_lead_deceleration,dry,Safe,Emergency,14.438,33.834
S0057,11.4,gradual_lead_deceleration,dry,Safe,Emergency,14.44,29.748
S0057,11.6,gradual_lead_deceleration,dry,Safe,Emergency,14.388,27.751
S0057,11.8,gradual_lead_deceleration,dry,Safe,Emergency,14.421,33.478
S0057,12.0,gradual_lead_deceleration,dry,Safe,Emergency,14.495,37.236
S0057,12.2,gradual_lead_deceleration,dry,Safe,Emergency,14.518,29.694
S0057,12.4,gradual_lead_deceleration,dry,Safe,Emergency,14.448,31.110
S0057,12.6,gradual_lead_deceleration,dry,Safe,Emergency,14.428,28.421
S0057,12.8,gradual_lead_deceleration,dry,Safe,Emergency,14.386,31.966
S0057,13.0,gradual_lead_deceleration,dry,Safe,Emergency,14.334,31.807
S0057,13.2,gradual_lead_deceleration,dry,Warning,Emergency,14.298,36.061
S0057,13.4,gradual_lead_deceleration,dry,Safe,Emergency,12.188,32.819
S0057,13.6,gradual_lead_deceleration,dry,Safe,Emergency,12.145,23.503
S0057,13.8,gradual_lead_deceleration,dry,Warning,Emergency,12.142,27.219
S0057,14.0,gradual_lead_deceleration,dry,Warning,Emergency,10.198,26.879
S0057,14.2,gradual_lead_deceleration,dry,Safe,Emergency,8.416,28.163
S0057,14.4,gradual_lead_deceleration,dry,Safe,Emergency,8.374,16.172
S0057,14.6,gradual_lead_deceleration,dry,Safe,Emergency,8.408,18.285
S0057,14.8,gradual_lead_deceleration,dry,Safe,Emergency,8.427,19.511
S0057,15.0,gradual_lead_deceleration,dry,Safe,Emergency,8.446,24.573
S0057,15.2,gradual_lead_deceleration,dry,Safe,Emergency,8.435,17.271
S0057,15.4,gradual_lead_deceleration,dry,Safe,Emergency,8.409,16.895
S0057,15.6,gradual_lead_deceleration,dry,Safe,Emergency,8.362,17.150
S0057,15.8,gradual_lead_deceleration,dry,Safe,Emergency,8.352,14.319
